-- phpMyAdmin SQL Dump
-- version 5.2.0
-- https://www.phpmyadmin.net/
--
-- Hôte : localhost
-- Généré le : mer. 20 juil. 2022 à 00:52
-- Version du serveur : 8.0.29
-- Version de PHP : 8.1.8

SET SQL_MODE = "NO_AUTO_VALUE_ON_ZERO";
START TRANSACTION;
SET time_zone = "+00:00";


/*!40101 SET @OLD_CHARACTER_SET_CLIENT=@@CHARACTER_SET_CLIENT */;
/*!40101 SET @OLD_CHARACTER_SET_RESULTS=@@CHARACTER_SET_RESULTS */;
/*!40101 SET @OLD_COLLATION_CONNECTION=@@COLLATION_CONNECTION */;
/*!40101 SET NAMES utf8mb4 */;

--
-- Base de données : `devoweb-tools`
--

-- --------------------------------------------------------

--
-- Structure de la table `category`
--

CREATE TABLE `category` (
  `id` int UNSIGNED NOT NULL,
  `name` varchar(255) CHARACTER SET utf8mb4 COLLATE utf8mb4_general_ci NOT NULL,
  `icon` varchar(255) CHARACTER SET utf8mb4 COLLATE utf8mb4_general_ci NOT NULL
) ENGINE=InnoDB DEFAULT CHARSET=utf8mb4 COLLATE=utf8mb4_general_ci;

--
-- Déchargement des données de la table `category`
--

INSERT INTO `category` (`id`, `name`, `icon`) VALUES
(1, 'Favoris', 'https://e7.pngegg.com/pngimages/114/264/png-clipart-web-development-web-design-logo-web-design-globe-text.png'),
(2, 'VS Code', 'https://code.visualstudio.com/apple-touch-icon.png'),
(3, 'Chrome', 'https://cdn.icon-icons.com/icons2/2631/PNG/512/google_chrome_new_logo_icon_159144.png');

-- --------------------------------------------------------

--
-- Structure de la table `subcategory`
--

CREATE TABLE `subcategory` (
  `id` int UNSIGNED NOT NULL,
  `name` varchar(255) COLLATE utf8mb4_general_ci NOT NULL,
  `parent_category` int UNSIGNED NOT NULL
) ENGINE=InnoDB DEFAULT CHARSET=utf8mb4 COLLATE=utf8mb4_general_ci;

--
-- Déchargement des données de la table `subcategory`
--

INSERT INTO `subcategory` (`id`, `name`, `parent_category`) VALUES
(1, 'Backgrounds', 1),
(2, 'Fonts', 1),
(3, 'Couleurs', 1),
(4, 'Icônes', 1),
(5, 'Images', 1),
(6, 'Développement', 1),
(7, 'Autres', 1),
(8, 'Documentations', 1),
(9, 'Mockups', 1),
(10, 'Templates', 1);

-- --------------------------------------------------------

--
-- Structure de la table `tools`
--

CREATE TABLE `tools` (
  `id` int UNSIGNED NOT NULL,
  `name` varchar(255) CHARACTER SET utf8mb4 COLLATE utf8mb4_general_ci NOT NULL,
  `description` text CHARACTER SET utf8mb4 COLLATE utf8mb4_general_ci,
  `favicon` text CHARACTER SET utf8mb4 COLLATE utf8mb4_general_ci,
  `link` varchar(255) CHARACTER SET utf8mb4 COLLATE utf8mb4_general_ci NOT NULL,
  `category_id` int UNSIGNED NOT NULL,
  `subcategory_id` int UNSIGNED DEFAULT NULL
) ENGINE=InnoDB DEFAULT CHARSET=utf8mb4 COLLATE=utf8mb4_general_ci;

--
-- Déchargement des données de la table `tools`
--

INSERT INTO `tools` (`id`, `name`, `description`, `favicon`, `link`, `category_id`, `subcategory_id`) VALUES
(5, 'Tabnine', 'IA d\'autocompletion du code, ultra cool', NULL, 'https://marketplace.visualstudio.com/items?itemName=TabNine.tabnine-vscode', 2, NULL),
(6, 'Prettier', 'Formatteur de code (indentation, points virgule, etc...)', NULL, 'https://marketplace.visualstudio.com/items?itemName=esbenp.prettier-vscode', 2, NULL),
(7, 'Better Comments', 'Ecrire des commentaires c\'est bien, mais quand ils sont coloriser en fonction de l\'utilité c\'est mieux', NULL, 'https://marketplace.visualstudio.com/items?itemName=aaron-bond.better-comments', 2, NULL),
(8, 'Error Lens', 'Affiche les erreurs directement dans VS Code', NULL, 'https://marketplace.visualstudio.com/items?itemName=usernamehw.errorlens', 2, NULL),
(9, 'Icon Fonts', 'L\'autocompletion des class Font-Awesome et autre c\'est bien pratique pour les icones', NULL, 'https://marketplace.visualstudio.com/items?itemName=idleberg.icon-fonts', 2, NULL),
(10, 'Indent Rainbow', 'Pour un bon code tuning et avoir la colorisation des indentation. En vrai c\'est pratique', NULL, 'https://marketplace.visualstudio.com/items?itemName=oderwat.indent-rainbow', 2, NULL),
(11, 'JavaScript Snippet Pack', 'Comme son nom l\'indique, pack de snippet (Exemple: cl pour console.log())', NULL, 'https://marketplace.visualstudio.com/items?itemName=akamud.vscode-javascript-snippet-pack', 2, NULL),
(12, 'Live Sass Compiler', 'Simplement pour faire du SASS sans se briser les burnes à l\'installer sur le PC', NULL, 'https://marketplace.visualstudio.com/items?itemName=ritwickdey.live-sass', 2, NULL),
(13, 'Live Server', 'Lancer un serveur locale avec un Hot Reload, une sacré gain de temps', NULL, 'https://marketplace.visualstudio.com/items?itemName=ritwickdey.LiveServer', 2, NULL),
(14, 'Live Share', 'Collaboration en équipe sur un même projet, même principe qu\'un Google Doc mais dans VS Code', NULL, 'https://marketplace.visualstudio.com/items?itemName=MS-vsliveshare.vsliveshare', 2, NULL),
(15, 'Material Icon Theme', 'Pour des icones de fichier et dossier tout mignon dans l\'explorateur VS Code', NULL, 'https://marketplace.visualstudio.com/items?itemName=PKief.material-icon-theme', 2, NULL),
(16, 'Color Highlight', 'Colorise la couleur choisi sur le nom de la couleur (rgba, rgb, hex, etc)', NULL, 'https://marketplace.visualstudio.com/items?itemName=naumovs.color-highlight', 2, NULL),
(17, 'W3C Web Validator', 'Vérification du code', NULL, 'https://marketplace.visualstudio.com/items?itemName=CelianRiboulet.webvalidator', 2, NULL),
(18, 'MySQL', 'Connexion à une base de donnée et intéraction avec elle', NULL, 'https://marketplace.visualstudio.com/items?itemName=cweijan.vscode-mysql-client', 2, NULL),
(19, 'Pattern Monster', 'Pour des background avec formes SVG. Un peu space mais on sait jamais.', 'data:image/png;base64,iVBORw0KGgoAAAANSUhEUgAAABAAAAAQCAIAAACQkWg2AAACdklEQVQ4jS2Sy0uUYRjFz/O832XGyabUJLsQKBIKShRT0CLFimqhm24guHQZtSz6D6xFKxcGbqKd+6KiDJIok4IiSigLoehijTPjzOf3ve97WkyHs/qdsziLI8cPXgMgQudVhQBEQEoTkgDgKUZ9E2oz2EyDXJg6JwRJAgRIkqBzkgvTzTQQIQBVYSMJB3u/zk7NXBq/X6nmjTpjvDHeqKtU85fG789OzQz2fm0koQoDUWbO7O78s3NPZTT3+sda8fbcSBg5AFlqJs89Hh16HXZwd+efxfc9oqmcOHTVewFQGvj08XPXlfF7qz/aW3IpgHoS7d25duvumf3d3xff9gBQZUBKc9yDhYHJs09KgytDrctoiqhvhKe+vJ2ZG2kr1gCQYrq7jhn11Y3cxdPPL08+DFLvEvHpf0fGlY6sVNejNx/35WNLqgJ0XvJxOja85OtwXsTQGBpDMXRefB1jw0v5OHVeAKoKrTXtxVrXtnUJcH36wpWbE17Fq1y+MXF9+rwYdG1bby/WrDUqDAhAYJ16ChzOnXzhqaaFACZGn4lSPDzFOoWAQEBKFNhff7d+WN11uG2lNPCFGR497XdOR0rvwhgEPqzu+lXeWsilnqqAiDKzZn6xz0OQIrNab0TJZuicQQoq5l/2Z9aIEpAAACiqXCu3mpjLnzt79/4cG3mDAMjwabWjp/u39WqUpAAMIPSUKLDDpfd35o5m1rxa7q6Vc7VGHOdt5/bKvYUDfT3f5hf7nDMikP9vBcPQ/q0UdrRVypVCGDjr1FottjbKlYIxPooyQFQQoFmnJJtRayGpbrTEkSUlCl0cuiSNthQSQLxXgKT8A2ZDSbppWYOlAAAAAElFTkSuQmCC', 'https://pattern.monster/', 1, 1),
(20, 'Animated Background Generator', 'Editeur de background animé en full CSS', 'data:image/png;base64,iVBORw0KGgoAAAANSUhEUgAAABAAAAAQCAIAAACQkWg2AAACCUlEQVQ4jV2Sy0vUcRTFz/k+xhkxRVKLMEyxh2lqBhVUWq1cmbTqn6xdrSrKaKH0EKKsREEhjcoZm3Eev9f3tPjpFN3V5ZzLPRfuhxOziwIgERBJCSQA5I2UiwJIAnCSCIAUkBsAQObTyEWSgCSQjmSeAECArEUUMUsF0Hn4gkKGdoLk2ktBSmKtGvr6k+u3TaNp3yyhVmOpE8gDBNIBAA0AJDGdS27cyaauGNshUYMjZnVZX1ZhDK2DBMn2D180SYQ4znp7m/cfhNExu1f2zx5za8OcHOLIuBsY0tZnxS0o0Hp74vhgOnRGBtnZiTB1zb96WnjykPUayz+19tYUu/3wZNjbZRZMT19W+e4a8wvxhTHS+Fjm977p7tPAKdT2SbLUZTq71WoUZ+YNjE2zZHvNmYMqYVyUIsBYz6iJJCYJEGmMuGVhmUZGMmLWrLqO1y/85lfUD3RuMru7gEadlV/yHhKSyESJNYXGu0dhb4e+I6nsOnUdM5Wy0pRb6/q2aS/f5OlRrrxEoViYnvOlnmxnI/2xjaSFuGFLXRy/dQ8kQCUxncOlq/b8jDMlgjyoJp+Wk433pIFzCALkDrGB6D0UtPI8W//I6Tm2WsmHpVCvmmInQISQP5cTs4vIOcnLWMUthAwAnKcrHPb/oZGTKIkhoy/8BTZk+sc9hK+dkIPMoyMB6khsL/0DlPYmLA3JMQIAAAAASUVORK5CYII=', 'https://wweb.dev/resources/animated-css-background-generator/', 1, 1),
(21, 'Magic Pattern', 'Background complexe en full CSS', 'data:image/png;base64,iVBORw0KGgoAAAANSUhEUgAAABAAAAAQCAYAAAAf8/9hAAAB30lEQVQ4jZWTMUwTYRTHf9/H3fVo0xjTFo21S7nFYExUMCwF25EYJCZuOHbRSQfd3MGkmw4WEw3uJYQ4QoQRnF0OllJjWoyWWrjele9zaEuqcWj/8/vlvZf3foK+aK3jwAzg+L6K+SfYANYonhWSPwAX2BFC1HqM0QVD1cpZ4f3Sr/zupmce7gf8riuU6hRJCZELkpRjMpm1g2qlXUxcGXkmhGgJgGql/frp/e+PKwdtBkkybVBYu/zm0lXjidRaJzZWG/lBYYDKQZtPHxt5rXVcApm9Lc8cmO5md9MzgRkJOGU3GJanvB8AOIbfUrFmXSElvHwXPy/wW5pSsUHuQYQPy3WyC2GuT9usrRzz9YtPs67wfRUz/FNspUCOwOx85K8uNzM2sTGDiTshrt0KAXB71ubhxCFKgX+CLYee/Z8YVhhPSkDD5/Vm3wpQenvcWeFVnbsLYW5M25RWjtG68xvWKJ7QWj+fd8pLjZ9qqM7Ri5J1N/VCAm5qfOgrknJMAFcC21M5e+g7TmbtANiRQoijucVoMZk2BoaTaYN7j6JFIURNQEem2rezwsZqI7+35ZllN6D5P5nGTaZydjC3GC2OJftk6kVrnQAygOO3VMw/7eocxrOsc523hRBHPeYPaFbBxTNATPsAAAAASUVORK5CYII=', 'https://www.magicpattern.design/tools/css-backgrounds', 1, 1),
(22, 'SVG Background', 'Editeur de background SVG', 'data:image/png;base64,iVBORw0KGgoAAAANSUhEUgAAABAAAAAQCAYAAAAf8/9hAAAChUlEQVQ4jVWTz2ucZRDHP9953nd/1SVuoh6D1lLQmyyFBLukNCAVj568CDmkJeIhWPTYqxSEggevPfSmB09aD7WBVP+C0kKvW9pY0cVCttl993lnPOxG0y98DzPDZ4aHZ0bMJSAANtkcCG05PjBsFcDxodC+0M073PntJKNFQJ9+p0fvOnDFsNJxTsowHJ8F8d0BB1895GF13EV9+u0evR9Lyg9mzDwIF7L/ByiOcwWFZfJPJeXHt7ldGRBLLF1fwNUCKESoRtQIEQIVAJlclZQfTZl+DYQ22FgvKe85IEIGFhAzpDderQH4859ESYRADh4oDOpMft9Kym2w1D3lIVAFkQzNgJ2tF+xsjamAZPMaoG7HA1IjkXZMMKiIWOmFffn5WMtLoWduXFqbstafsdaf8eH6hD/cWOqGrn421kovrMJDMEinOf2NiOLwUFz+9AXnz1V6/rex9ckRnU4QId5+q2b0zLh6Zcybq3Xc+r4tIiT0is2/CKYO9x8UnD1Tc233kNeXnZwhZ1jpOdd2D3n3bOb+g4Kpz5ljdphMcYTF8ElSNYOjiaiyqH3unMXRRExnMHyaNMEimQJiWASxb5HOJLx+/DSp1Q4VyZFAiy2ImLtoBI+fpDDCLazI1PvaYGO9QXkvI15bqnVpc2JmER7SyQamCHfpl19b/tdziwRRU58XwEUu3mjS2J2QqzEqNH9a8LIU4KeI3KJsTJneuMvdLxKgRNrr0n2vSflO02pairot1FSopaAtornIlVEUU6qfhwwvjxh5AhgxqpdZ/qGk0SHUtygadYQitDBSJPOI7Pi3BxxsP+LRf8f00jlf4MJaIm0DA2B1UR8C+47f3GPv95PMv22OMuS4MmV1AAAAAElFTkSuQmCC', 'https://www.svgbackgrounds.com/', 1, 1),
(23, 'Gradient Magic', 'Background complexe mais sympa', 'data:image/png;base64,iVBORw0KGgoAAAANSUhEUgAAABAAAAAQCAIAAACQkWg2AAABbklEQVQ4jVXP6U4aYQCG0QN+hgCtW5coYCMIKPaOvPE2LZuCmkrEBbEuHaY/JjOd/j958r6F+9NTStQ5oRep3yid0WfI9ZrXD7Q55pCtl0CJPY7oRmq3ShNGnDEret2mSZcDNp8VZ4F9upxEGvO0PeLXmpedtN1i51nxirPAVzqJHuf0vyUttn8rXjFkFOhFdm+Uxgyy3R9zeivRA/pMwx+1ufVx+nKW6R5Ntp7Sdp/zkocws36eLrle8/bpf124TPWk7GHXKgwZJ+2Q6mTJZqIHmW6Im4SfTDLd4ZhmnNMDJhUPdXGHFmHEbfD2Oac3nhQucnrREHfoUIuFm3VRpg9iG8ucnlZT3aaxUl0I0R6HqX6f6T7Tqses3Vip3HEuOKKd6MdMF1zkdT3RA/qCHvVET5MlBdOq5X5Ol28Z8o2R4Eusssjpi3eW++IubWor5TlDvtNnLqguuGLEiMuKZV18SIu9lfIdY34wZE7kL7RPvyPW5iEFAAAAAElFTkSuQmCC', 'https://www.gradientmagic.com/collection/complexrepstripes', 1, 1),
(24, 'CSS Gradient', 'Editeur de dégradé CSS', 'data:image/png;base64,iVBORw0KGgoAAAANSUhEUgAAABAAAAAQCAYAAAAf8/9hAAACPklEQVQ4jWVTPWtUQRQ9587u+5j3shEbg+CCiGBjJygI+wNMFz/qFOlEixSCqVLFLlXsUvgHTBftA4JF/oGIEMFExYQYNdm3782xmJfdGO8Uc2eYe+ecc+8lohGAAKB7+9kdVxbzzvuBlVnfvAdKv2M+3WKavdpfvvf+bAwxtodJ9+aVF1Zkj63XSy3vgnkKFjncVAHrTcNlbsgif/ntYPc5lh9VAGAx05PUXbu4QZcsAkrUVLXUhPYHKTRBo5M6BCXMy8VLl69u4M2HFBINgGzmcIVMZ9WcVBBEoENxjI4gAXWAoObXz4pT07MzP36vgBTh79+yXvHOfO7oc1qZm3kvKzPSZ5FCkcO8F8uM5n2wnpd534wSd9fQ7SxInUSEIh0JDIQ0VgoiRBGkQFB1ENM8Sc0WDEEDohEEA0VgAh2nHkOsUQgERJCm0VAiBwagD4iMFRHORmvix7QEwIinqQmgb6dPdG4/f2gZQa3KLTgZgJ2YlQJ4Br/+AcH2jhApCp2uAHw2GLdERxABksaRPBUx6hrRmwCToMBOQgVtGUb1OlFXEtuoVotxkwogIVGQKEFwRg2PKyisG/683gawRksciBpigBBLBkqRmhjLGADVrph2akZruw9ubBsAhr3vS9Jwky5LQFBUrVY2ClAkUQOgKy8k4ehwc++gWBq3MvB22Hzcn5OqVZAVXdohnYFx0cyY5B0aKx0frX798mkOT68PYytPRJ6Ms5+ad2U2sDLr03uwzHfM+y2myX/j/Bf4DwXbJZUOAwAAAABJRU5ErkJggg==', 'https://cssgradient.io/', 1, 1),
(25, 'Gradient by ShapeFactory', 'Edtieur de degradé CSS avec des propositions de dégradés jolies et modifiables', 'data:image/png;base64,iVBORw0KGgoAAAANSUhEUgAAABAAAAAQCAYAAAAf8/9hAAAB+0lEQVQ4jZ2SMY4VMRBEq/+47fnS7oKIOQHJngMIOQAZCSIlRghBDnfhHgQEZAghLSEsX/u7PXYXgb1fkOJkZuSp6qpny5erp8+h+9cH07vHnmA9i4XCuoqHwqPQosCY6KFoy5kdI715e/nkHQDI56tn1xvL+aGm8FCxyLDIsJ7EI08DhUeGhXKTdeey/vbd8uDD5aPv6WbL5x7/io9dp3gmodKZeQwV7wuj7JequgeAZD2xUmWKeIwkNQq9qzgXVGZOE1QqPfKuRWHt+xgGkcc0ZlokcQ6xUeGR4F2lstBDYTG4tFBxFABAqsysHLFrFHqkKVZY5Nk9iTNzVsLWM7zuZFYY1D0yvCcxju7eM5yKsafjvY/vFopTAos0fogEo8J7grHAmTD2JsxIIxEVjQXuJ4OVddKuI6bMvqckFoqRLMN6wtYzDv3WoKvUUDjLpD1hniYrbNCfpgk1Mmu+IAAkp3LjvDhUjmehU2Gck4dxDJNFtlCYYSSYk3iC9xdtuz0J5r8T0CPTljJOoaK0KkWt71hn/2O/JZ/hfd6HWMRD6VjFWkoHt20wwPqqL+tL7tfUmkrrGS0yGhUtCrau2GIY1Si0npYay/ufj8s3ABAAePHp4305u7f/dZOi70Su7Q7cCxyA4wLXwIDcyq7dYPvxUL7itDhM/nf9ARa/25t3Cy3SAAAAAElFTkSuQmCC', 'https://gradient.shapefactory.co/?a=0FAEFA&b=E3EA5C&d=25', 1, 1),
(26, 'Shape Divider', 'Editeur de séparateur de section en forme de vague ou autre', 'data:image/png;base64,iVBORw0KGgoAAAANSUhEUgAAABAAAAAQCAYAAAAf8/9hAAAB+ElEQVQ4jXWTP2sUURTFz7l3dnaTQCJrk0JcC1FhU9ioTVpRwVZJkdI/XyBfww8g1rrapQ0WlookYBMLxSUo2GomO/OW2Tf3WrgzTMLmwene77xz7uURZ467S57nQ3ffInmX5BWSLiLfAYy63e4bkn/q+2zDWZZdVNXn7v4UwIAkRQQka5UAdjudzg7JX6cMxuPxdVV9kSTJg6WlJel2uzgDNwIwUtUnJAsCwP7+/mVVfU1ykyTSNEW/38fa2tp5BpmI3Cf5UQCA5DaATZJQVbg7sixDCGERDJI9ABcAQA4PD1MRuSMiUNVG85lgNpstSvETwDcAEABIkoQ12DZyd5ycnCDG2N4SYoxvSf4AABkOh6WqfhYRtFWbmBmyLMNkMkFRFCiKAiGEeyGEQZOgqqqRqn7p9XpYXV3FysoKkiRpEpFEjLFJoqq33P0xACQAsLGxMc7z/H2apjdFBGaGsiwRQqiBJlUr3W13T2Re7dry8vKjGnZ3qCp6vd5CuE7VJKiq6gaAS2bWGJjZqdcXmHwiGWU+2b9mNq0NFunM6x8AjNprPDCzvfPg2WyGoiiQ53lVFMVuWZbPSP5uKpCchBB2qqoSd39oZp26xrySmdnRdDp9GWN8NRgMFv/G4+PjPoBtd9+KMV71/+SRme0BeLe+vv6VpLeZf60mHHrDUL+DAAAAAElFTkSuQmCC', 'https://www.shapedivider.app/', 1, 1),
(27, 'Freellustrations', 'Background composé d\'illustration', 'data:image/png;base64,iVBORw0KGgoAAAANSUhEUgAAABAAAAAQCAYAAAAf8/9hAAAC2UlEQVQ4jVWTv2uVZxzFP+d53vfm3uQGUxClNC1NphpK1kqX0iWjgtG9Y+lQcIk4ZLKLBSn9A7roWgVThxJKN0OHSK0UK9QkRRSxxuTm3vv+fp/n20ET7IHvcuDwhcP5iDcyTEL2+8zOjJuaPlN5W6o7Np8BWa3tYdD6fjZauziYG4AJZAB6ExfIHr33/Lxcd7WULTYuYRyNQlA4MbTAWDzYD+WV1Sfv/niY0eHnx7MvVuR6V2snBnUZxxVWdFAWYdRgY0x12nXlFIx8cena3ye/BZMAtmZ3zzmX3hzTxnERYzODdx859p8Z7TTYCVFEGEfCziPcyBI3TJrlG38ev6Wtd/aOhX7ccL57ai8vgv9MyYnLjumPnW1ebHXyc8fcsoMIu1vG9xfa9qDu+XFS/rWXuU+TdjKeRX7hIOSx7si//7VjatGbVaYG2H1sTNw3LMo270S9GuKbfm6lTxfoh7NJ9LaEUqtDiHWKwztCFuUTCAls/hC493NkHNGglsW+LHeKpU9V+XYpaTo2H+pI6VBlKMQoOYcERWN8spJw6oKIJfz7zPTNl5GiQYWPhAnNJxUQgMqg0FGvyKBxIi+NfChiDb/9YrwaG21flILgIClqbUvudAVWGgbCQGZG6MBP1wJr1yMjYDfHYg8rhVXeUbW27aqg9bE1KoiukqkNUQTMSVhHHNTGoDAGJdZ0UelRqegqNSqi1t1+7m6PCA9Nk8qNkPTF1DGEYS9fGvWEqFJndYpKQeUIdTqpSuHhqHa3BXB9dvdc7dKbB2rjwleKvVn8H79G7t018hQy//oKT8i9c2WSuCo2y0/vHr91NOXvPnixUiW9q4MG9kMZs1TWTKPMQ5ZgmUNl2nWFN4pQXHq68daUD8G4PPf8fDPRXR15FvPEM5SReci9yH1L4fSgsPLKk423YOJIr40vPtyZaXvTZ/KOLdUTNl8kMGi1naP1oh6t/XP//zj/B0F5tErtMvqyAAAAAElFTkSuQmCC', 'https://www.freellustrations.com/illustration/MjMp', 1, 1),
(28, 'Haikei', 'Editeur de background composé de forme', '', 'https://app.haikei.app/', 1, 1),
(29, 'Google Fonts', 'Est-ce que j\'ai besoin de le présenter ?', 'data:image/png;base64,iVBORw0KGgoAAAANSUhEUgAAABAAAAAQCAYAAAAf8/9hAAACrUlEQVQ4jaWTT2hcZRTFf/d+3/szmcykMTMa0ypoweKilaqBrrSIC6UudeFO0oUoIgilFSt0iouCRSIqpSh07cKFu+pCwZ1KKzRQTGvBamSqZppJ0smbP++977pIQqFQKPhb3cWFczicA4CBssUdt3A3WqYAHkAgAPL3vn1jsrCwsf0jYMwt1hqNKQDCWEP0zys2Hm7k11sygC215YP7n157fvYn34z/+OfgU6cvv0IMcOmTR17eOx0tUehSVNpf0fWfl3T18lLeePzq9Dv/vgWgBh51Z6vezQZjqpFGRybbB16yC4w13co8MIH6Cfordev8VpeymDD8QxrHnzbfbr+gN2Zm4mA83CtCDvQQ8IV/cHSVY41a2NUbkqsQwsZNs1AEUwlWZENcUqrjWZ1ptzMROzfuNWokfrzTs9/dc4sjHXG0m1npxByhVKlMCGIqwUArCWHkAvygAPd/f/Hd9bx4dSUv3nf1jUPR7s6cGmkwMwGxUJpWHzCdng3Bg7h+J+9V5pbnZ77x24nf992FLwFWv+C9WsyBLKMAcUYQEcFsZKP0a8rmedn1xFeRr67tXH7sxUQBWpthuo2P2B/DiWxIiaBmtlWHhOHwcxn2P1NsDdG87tLmB08201MKcKK12YWyysdRRJyX2zVARJxY6FLk36IyaSJeQgnFrUEJ8qYaqLQIa2d5o1rhmf6AXAScYmCD0vwIETMsYGCbtmxbQgXC6hkedcqpvAARIgWXRGivrJ9eLia7aTIlPjqkQddFFFGn6muxw+yMN5BbjuNpjOv16apCJcZlA348/uvCh2Np9lpZROtJctgsjDDOg1i/WB+e+8VdOSkA3Xl27IgpSJFOBxo7Ea7RkxZhz9HF2k0g9PfI6BpJuvfwIN59qWy/fjG769Duidbt1f4v/gPJyi8X2oIhfQAAAABJRU5ErkJggg==', 'https://fonts.google.com/', 1, 2),
(30, 'Fontjoy', 'Outils pour trouver des typo qui match bien', 'data:image/png;base64,iVBORw0KGgoAAAANSUhEUgAAABAAAAAQCAIAAACQkWg2AAABtklEQVQ4jYWSvW4TURSEZ+696yReb+Iljtz4DSgREq4oXCAhXoCOgj40IFzgZ/Ar8BZkFaSI3uINqFxiKyKJveu99w6Ff0KEEVPPpzlnzmGe55JI4n9a2xwAkpJCCP+2gjTOGUluh7bb7RhjjPFvd6PhrKln89JaIs/zLMt6vd50Oq3rWvs0v7558fLT4QEenXY2CZK63e5kMimKIk3TXU4M0Vj39fv5xaXttFCH7Q4hBGttURSj0ShJEu+9pO1QCbK3aW5CCRq53awkd11JMMbkpydGQUyvGyZUIiFwA1hrq6oaDAaSms0UWFXlYjz+vKrvYBrBIdnWvgGMMVVV9fv9fr8PQMCbd/jp35sUil5oAeEB4L3Psmw8Hg+Hw7OzbOGfzubPDrPAFQFbJh8Acw/s1luWvizLm9vj6K866RfvQUWxWSXn94AAEjGK5Em2BHDgZjVCiObB8TatyRGIUUdH9m7hL749R/PjrWlFt723ImDFVCSFSK4TCJhXr39cXT527SfLKLg/flErqKSWIgixneeEQuCyamaZoo/Y87gJUFErkY6ARGt13PoVPbgudY+MaAj9BlmK93SGsnuJAAAAAElFTkSuQmCC', 'https://fontjoy.com/', 1, 2),
(31, 'Colorable ', 'Tester le constrate de la typo par rapport au fond', 'data:image/png;base64,iVBORw0KGgoAAAANSUhEUgAAABAAAAAQCAIAAACQkWg2AAACG0lEQVQ4jY2STUiUYRSFz311vlFzZsCxNiloEC5U2kVTFBVCUFHCFJVo0qIWM7QIilq1CCoiyUURhFakUiQaEtFQYD/SPy0yXCQRgQlCJOjY/H/vPS0+GcRadFYXzr3nwr2PkEpCREgCAIq1iOBvGVIgAtAbIOnNi/Af7YCQCmJpoBcPQATFtZ5P0pBwFRB5cKerdW/rhZuDIgK1AKlqrQVAqrUuSRHAWmtVNfNze10QQEVNZCZtVa3rWi6TqirhFvJUnRy97QCN6xoB39XEhKq6lunZ6UsnY1siG1t2Ra/03ndJVYt8wSp58eg2YFXixeNqYFPHOZJ05/etXwlgZ3R/pGE1gK6+MarCKu3vH01h1O+Ik4y11CPU8C3pqk0OXDvf3XM3ky98ed5njLSduKGkEfDTs5GJWWS/v4zF42NTWcxPDj35KCbgc5x73WdCwdCG6HFVlvuNkEZERoaGAV9NVej923fBcC2ARw8TU+OjB46dSga2vv4w/rT/sgDW+1hq5nNtGaqb96TVO0Vqd3MVnLVDg72lQPPm6ED/rdZIE4Ajp3tImok3iV8lgYOdbeXCXDZHqTjcfijgTE+Z+utnO7++Gm7viKXCa+oCgRLHB0BymYVcXv2VQZ94Dwe0sJDKlvorK/xmbm5WxV8Vqswkk+qUrShzisyR8NhY5AKAVS0xBoCqGmMWCVHVpZAuxbbIVRFbWWb/j/4A6cE9NmXjQNwAAAAASUVORK5CYII=', 'https://colorable.jxnblk.com/', 1, 2),
(32, 'Coolors', 'Génère des palettes de couleurs qui match entre elles', 'data:image/png;base64,iVBORw0KGgoAAAANSUhEUgAAABAAAAAQCAYAAAAf8/9hAAACOklEQVQ4jZ2Tu2tUYRTEf+fbu5tsstGoEV+JIiqoEARRRBFCUNBGKwt7i2hhITa2NoJ/QRSjRSxFUMHKIsEEQQIqpLAQoxg0yiZKQh6be+93xsJdiK9CB04z58xpZgYASUYdS5l60qhBxfyTlEueSx4/plGDmdTTuFupaRCVPFe/PJUkLUZpYs79/bzXGUlZpjyqvyq1NXT249N0JarjYcHonZyTXx/GH3/1MBUwymL7FtOZ9fjlHSG0BwuCIYPTwIIB5FH9hcD5kTcsn73npU+zQKdgFVAG1ggEe3eiB12FbFfRmiLcSMwu2FKmo80JQ+9m4NBVQrXVrdhmylpioKX+YCNqLkFtvdPdEjSyteCrghGhNxSMPiC59khUp7FSxcgWZce6gu70Bt08ErSvBaulkCTG+KLs+ZIwSAz6UEw/zy/LN1zyaOfcuRL95N1cMY+SXFLUTOp+eCwV46l3T2Rezb2xnEwIYcOHaTQ9j6nww5m+g8gKWC0XwYy1RdmT/YnGa7C7CdoDQSCDTYE/wMxAP3MBKBoE+5V3/7K1AzoqyKIAcWvMDUFzYpQK4ltmOv4itwNvc3omIzOO1/VTIVPxSWsJO9WNa9EoVYzHr00nHqDBt9LtCXRsLNqzb6akBK8WxMua3MAiDP/FxqCsnAda/2Bj2Xi6LYmrGzaWizYanYHt60juXyTb3AbZrBuJiab6ALVl2NMcdL8zSduDJQ4DRbPRepRpjeLR/0R5ZZna/qdMv1XzX+v8HXujroOEYhUpAAAAAElFTkSuQmCC', 'https://coolors.co/ffdde2-efd6d2-f7b1cc-ff8cc6-ef61b2-de369d-6f5e76', 1, 3),
(33, 'Paletton', 'Pour trouver des couleurs matchs ensemble', 'data:image/png;base64,iVBORw0KGgoAAAANSUhEUgAAABAAAAAQCAYAAAAf8/9hAAACpElEQVQ4jXWTP0hkdxDHP/P7vff2HyzsouwuuIuIEQRja3NCiiuTVLk61RVXBGvFYsGAtVxxxVWpjzRJe0WQ64UrRbESPaK7PpvH/v5NivgkKW5gYGCYL8x35iP8GwIowHQ6/dEY83OM8TtV7T3151mW/ZVS+m06nf7x3xmpi729vUG/338rIq+MMagqxhgVEVRVRIQQAimlD/P5/JeTk5MvgAjA/v7+cqPR+NhsNre99zHGyMPDgynLUlJKGGN0aWkpdbtdiqKwVVV9XiwWL4+Pj//OAPI8f9dsNredc64sy/z8/JyyLIkxqqoiIlxdXZnNzU1Go5FrNpvbKaV3wE9yeHj4fVEUfwKhLEt7dnYmzjm11ko9DJBS0larJTs7O5plWRSRzDn3g7HWvrbWqqpyeXnJYrHQPM9FVZlMJmxtbdFoNAAkhKApJQCstWqtfW2AFzFGnHP28fFRsiyr92Y8HrO6ukqv1yOEQKPREGutADaEAPAiA/pPqvqUAhBj5OLigm63y/39PSLCYDCgKAoNIdSX6WcAqkqe53Q6HebzOVmWYYzh9vaWm5sbAHq9HuPxmBgjKaVnbwwwExG11jKZTKQWFBGstc9ia2trFEVBjFGMMRhjVFVnBviU5zkhhDgcDnUymaj3njpqP1qtFqparxnzPAf4ZGKM72OMIiLEGNnY2JCVlRV1zqGqWGsJIXB9ff3sD0AIQWKM7+3p6en57u7ut+12e8s550XEDAYDjDGUZYn3nhAC7Xab4XBISsm32+18sVj8fnR09GsG4L1/U1XVN51OZ7uqqphSYn193SwvL8vd3R0pJR2NRklV6XQ6RVVVn733b2qiBNCDg4NBURRvjTGvjDF47+tnAXiGSVU/zGaz/8P0NZxFpPf0I1/F+R+zV3FD/vovFQAAAABJRU5ErkJggg==', 'https://paletton.com/#uid=1000u0kllllaFw0g0qFqFg0w0aF', 1, 3),
(34, 'icones.js', 'Banque immense d\'icônes regroupant celle de Bootstrap, Font Awesome et plein d\'autre', 'data:image/png;base64,iVBORw0KGgoAAAANSUhEUgAAABAAAAAQCAYAAAAf8/9hAAABOklEQVQ4jY2SvyvFYRTGP+e6ifzIRBktBkoJC4PZLmXzH8hgxH9gMchopzCSTSaTUsqgLMqiUAx8DM7V6/a9N6fezuk85zznOacXWphaK+JoVdeqOdKvqGvtSFoyq6vAFPAGPEbE5r8mqzV1Sz0p8nvqRmLt11G71NmMe9S+jKfVrub6elNzLSLeVdQ9oBcYUD+BncQiIqyUn35dvVLn1X51QF1Sn9XtsvbP5PRz6pM6WDFgxh9bLHuaCY7Uw4zrBd6R/kI9L1XUACLiK2vHgNuqS2fuEhjPHn8JCusEhhP8KvKR7wN4KRsa0htEp8BCQ5VaT8xUOQccl2uV8lBH1A91t2KFRfVOHSrzUZJEhPmJ9oF74Ax4ACaASWA1Iq7Lv/DnWAVJN7AMjAKvwA1wkFj1RypImg/bFvsGkekMk3HpuuYAAAAASUVORK5CYII=', 'https://icones.js.org/', 1, 4),
(35, 'Font Awesome', 'Désolé si tu connaissais pas', 'data:image/png;base64,iVBORw0KGgoAAAANSUhEUgAAABAAAAAQCAYAAAAf8/9hAAABEklEQVQ4jcWSTU4CQRCFv+qZuB5PoC6BmIwnEE/gyAn0BhKBQxgI3gBPQNob4Algg7gTT+BsTaSfC9EwKD+JMb5NpztVX73qPPilDKDWfngC6DfKB1l3mLiwkxHYtyh6mZnufL00XWzKusOEtzj1zcPBB6AzEYBMA5NVl6dINiKEezPlOPaQZZgl/auSxQU7sipSDvKIZ8kSc5yakRJZOjf8dQAUACFw4pvlwZKBy+x6nEZxdKzZbBfnpkCvUFHrTPS5xjZarHfbNq3S/wPinx5rnfH5uhxsBIDr4UASTtyctR+LOdgIULhdmwMpF4xWAvqNysXC9VsOQvTqff0oX7NCUb5VGTGfuKx4bmnlJ/253gEjzXlrEj37awAAAABJRU5ErkJggg==', 'https://fontawesome.com/', 1, 4),
(36, 'Ionicons', 'Concurrent de Font Awesome, un peu moins fourni mais on s\'est jamais', 'data:image/png;base64,iVBORw0KGgoAAAANSUhEUgAAABAAAAAQCAYAAAAf8/9hAAACW0lEQVQ4jXWTW2jOYRzHv7///hvviNwoUUqEIhGTuNkkKce5mXLjShKJsiRXwkQ5lRsprBSl7GLlUHPhtBY5zTFrI2dN4t37bv7/5/dx8X9fZuV39fT8Ts/zPUhDApgLnHTnSXDywekDnobAKWDhoDob2lgBNAEF/hNpysCvhKPA8MGNERADLaU6h4T+lPDwDf6gBy8MECDJUoA7bUA1EFlpyEFJOyX9kryqqSXS5fsiV50t6R+QGuZjhbdQM9uSxfOsSq6TVmGbBcwmG5+C+/rjsHQ/fq8LIACBBz0wcVnwddsCc1aH8PQ1CR68WGRRLGmjpFhKdaQ15mteXNklKyI1dZpCQI2zpMVTZD9lCCxJEBZZVZU2yaET8P6EsGAPPH8H3wZg+kVYcRVWXXNmXILHH50tewOtt730MtydHnlGE4/e4HUHM5T2dcLy6/wBrb4NGh9mCG8/B+2vskQIFCOkSJJcUpnYxKXKSKUbNKxSKiYIRx3dIgl/6Y9N6pE0deo40ZdX1PVJ2jRZWvhMWntDiiNTxwfp5krTlx9SGmQzJ8olyUxfIzPdkWS5yjRaOUfsaBZjc1JHvTRplDS+WmqvlyaMkLaeFbXTxehcGpUG3BVQU6YxdUL9IVhzGH/5/q8Cuz9DwzF86T7oTwjgaQnJurKQjknaKkhkFu++ILv2RIwZKZlJvXmpdprsQIOIoxBkFbGkM2a2oSzlHNBGmRwSvhfw2y/xWy/w3jwOaSbiLNqBUf8YqqTtE6Xv/NdPEE4Do4c60Qada4Fmh640UAhOwZ1u4DywZGjPb0GhYFcP0NUVAAAAAElFTkSuQmCC', 'https://ionic.io/ionicons/usage', 1, 4),
(37, 'Flat Icon', 'Pour des logo PNG/SVG à télécharger', 'data:image/png;base64,iVBORw0KGgoAAAANSUhEUgAAABAAAAAQCAYAAAAf8/9hAAACuklEQVQ4jX2STWhVVxSF1z7nvHvvezdN/AmCQqBQQURIIgRLdRJQkwdOOurEQbEdqo1GBDUoN04KbVFMUqoiZi7iRNCkQimlkEHR16SgYIaBVqFEX3Lfuz/nnL0dmOIPqd94rY/NZtHQXz/2GKIvWbhGgAiD8A4CAbgShxWX2rsz/Ud/P/DnxO4wNJ9nBV03SviO6ewYEO8BIojnd+vM0GEFdrVd+sDfAAADuhR0dw3y3y+GDUADZbPlAAgBZOLIQL0+QkRApEAVA3Z86kH/yOJQY+KwicPB/J/lUgifUn1+8oauhV9zVrCAPAg/kXAGgQGRh1Jg59KVtv8h7FrRke9ukNGfKK3IZcVN4z0uUG4PkVZbdFDRLrOP7/d+cw3rUJ+fOms6ou2cF8wlP2em8wQA9YXJk6ajesm1ChHhFgkmhcQGnTVdruR//Fsu3Ouq9W4LmRoQ6dJxpFyajc70Hr+sIKBmaq/aNH+iQyMEiisb4rPhxs4LRGpMiaw+HLhuKyUSHQUbyWjYNH/STO1VCEhhPKG5vaMZsx8DoCDi3ctWxoV15Yt04n7f8V/2L0x9pgJ12LUKT1opZj82t3c0w3hCa+8GgSDDjSs/VzqqB11WCgEpG7tjdueJZ/WFyXs6jobhhVyWP5jtHxn6r6MAAONr41H6DDtfAiIUmKrYYB+IRAi/Eili5wqQPvN257UgASNJ1GzfsUds7bSpRUpYjCL5tnf++3hJL1927WJJnL8123fsEZJEIQG/EQBAkggA8o4uuna+DPZs4mj7VoQjj3clpVj/VWkxDoDWsgDw3u4TKCTgemPitOmsfufahYOg2c5p9297ji6ttw31noAhoGa3m/JpvqijwISbPtpcDfkcBAS5pT8sWGOuZzRzjCNwftGutp4S6DYIAnzB6+X/l4+nk2hwOok+lHkFwGBfVNlrN1AAAAAASUVORK5CYII=', 'https://www.flaticon.com/', 1, 4),
(38, 'Icons8 | Animation', 'Des beaux icones dont certains animé', 'data:image/png;base64,iVBORw0KGgoAAAANSUhEUgAAABAAAAAQCAYAAAAf8/9hAAACVElEQVQ4jXWTP4iUVxTFf/e+9zmzM+uaaAgxmtkEEysLwUJLDQkkkELEBLFKJ1iEFHbWdhaprK1sAsYiQkAQBRsLO//ARrbQYEIQMevszLd+791jMeuGxPVUr7jvXs65v2ujK4eP2xY/p057QA5gmLGJhDR7WbXGl8vLejYD53FblGokTyTc/v0AVZVkjmFUhQUhKdzc9yY4nzHbpTYiudtqN7VptDJhAtyMbc1WVroxXRTmm4H63rOwQG0E2EfZILsZ427K5x8c1KEd+202NTGtLReXf+Ho7i/4eLiLq09u2r2V3zXnfQsLA5SF5JZstU505P2DdurTExuea1T2DEd8t/g1AN9/cozjt36wBy8equd9E4EbZpJw3MZlSheFSWnpohAKvh19RYnKtLRs723jmw8PM+4mtp6LzVJfDz2Z03im8UTjmbXo+Kt9SvZE4w0AjyZ/ki2j9YX45uuaaS3W+PHOOe4+X8IxLixd4vIf11ho5qmKtzd4U5ti8fYGr8t73uOnA2fZ985nBOL03pMc2/0lK92YNHNPBjb8VAVdFLqogNHzhmH/PUpUuujInhgNdlJUZrkJXEhmRhCaz3M0nhnkPo1n3JyfH/1G9sRc7vNs7R9+fXKD+WagqkBIGSAUDNPArv99W5PSWihwc9p4ycXly9x6euc1SNx/8XAGEoFhZqMrRyqAO7batZuiPC6T/6JMCJkwIoMeWz8t1rbEsJljgeEbx/TuloX/HZPk/eS09bFX6hlCS2YeoaBTUVGlqFJVN8ItqgQhADMXoaUCZ14BX2pBlhswdFsAAAAASUVORK5CYII=', 'https://icones8.fr/', 1, 4),
(39, 'Unsplash Image API', 'Intégrer des images libre de droit via cette API', 'data:image/png;base64,iVBORw0KGgoAAAANSUhEUgAAABAAAAAQCAYAAAAf8/9hAAAAvklEQVQ4ja2SwQ6CQAxEXxX1IsRv9ebJP/BPPWg8iCLrYQvpLgUhcZIGdpidTFtgiBK4AQFotYJyZS5eOQaLUDhcAN5aQTnJzpOoVOhVNSfBEzgBuyxBrd8SiGMSgM9IurXeSQxmCceMBThnXA1cgFfGb4EjsbWB889hMTLcgriezkiAO/66AnA1RgJxgBsVtMQfqwAax6Ax+k6bbEDM88BwO/tM0790cYM5P5w2xJj0LYgjXAQb0yaYwn8TfAEKgz4r3ymo5QAAAABJRU5ErkJggg==', 'https://unsplash.com/developers', 1, 5),
(40, 'Pexels', 'Banque d\'image', 'data:image/png;base64,iVBORw0KGgoAAAANSUhEUgAAABAAAAAQCAYAAAAf8/9hAAABKUlEQVQ4jaWSPU7DQBCFv9nxOgVwCRAFFaLiEimi0IAA0VBwJNpIICqsFEicgZIawQU4AFbs3aFIbNYJsfh50hY7M+/pzQ/8EwIwfrjdpgqvv2J63SmGp28OoCEHqAFEBLf0GjQ1DSfryoYQUcq6ZCDeOladE1vUgLa8joCgajHa49GlX3Y8KiaVE/FRtBPvCohgCaGJX+0f+un4wo+KSYUZONdyHGugzrUurp+fqjQXYmz/awUAIqy0soysL2lmbA4G/mzv4G8CGz7nZngCfM3EqUoMod1Qbwu62H860JTc6+B+dN7556o+mBGg1oTXEYhWBxB3PL0LW/l83+/lRwQItYW5rZ5DAlWIVsZZLMskmqwUdLWFuprtZj5/UcjSI/kOmnB6C3+KTwTLb/qbCU7NAAAAAElFTkSuQmCC', 'https://www.pexels.com/fr-fr/', 1, 5),
(41, 'Freepik', 'Banque d\'image', 'data:image/png;base64,iVBORw0KGgoAAAANSUhEUgAAABAAAAAQCAYAAAAf8/9hAAACQElEQVQ4jZWTzUuUYRTFf/eZGcc0dcZ5x8TExgj6kj5pE0S7onDjoqRV1CZaWJFjo21ypzkj0S5o0T/QoqAWLWpRMFEIGYQFIkmEpu+8M6nl58xzW2iiNQnd3XM55zwHzrmwwYTbs6c4o76NMOaf5ES2SrTwMFrvNv6/gKpgacInI9ZvLkQ6Jtti3Z9Li0Gl2NKJu5fUSpMiL43fZtRKyEtGHiGitZ252Lfe8Ghd+7QzVlExvU4gnMhW5W5XT4Xj2SaDTYCeVCUK5BB5gZWUwbYiqMIJa/SG1HaOx/J5/15VCQJH1Mgw1t4DAkXMWRG5idoQGLx+p8ss5IOVFmlT9JYx5hXW3kdZQhgQWFhDzgFZVe3FmI+KHI1dy4UEwGl3zyFUWuUysN1n9LCbrBkOdeQOGJt/A3i24N9TFppbnJ8JDAJlASnsnEjV/jQAKuJD/J+A/cBbN1kzDPA9GR5U5QOol7sTmhrrrpsFxoGtVsyhdSlEr0+eLog8BfUWSzbt/tFT4YYT2QbJF4aAcoEnCrPA2eU/pcVLOY/9q9EbmUUBJFKyOP++Op5Jky8cB8oBFJpXkk8boz2l+bnnAKsCNZud9MS0d15Ej1loBN0GjCAMoHwx8E7wDxWwB1Xp2rKr/tnXP4vkdLjNqrSqyKhaZowgKNWKNIDdB+xZNmEuZlORB0WbGIln7qrqlSIdWOYifV6/k/j9/usWvJRzVZAW0NeAXVlbkLQRX/NaclEHa2dHmwbd4FRdwCxlMn3RmWKYX9US643vILoxAAAAAElFTkSuQmCC', 'https://fr.freepik.com/', 1, 5),
(42, 'Pixabay', 'Banque d\'image', 'data:image/png;base64,iVBORw0KGgoAAAANSUhEUgAAABAAAAAQCAIAAACQkWg2AAACaUlEQVQ4jXWSP0wTcRTH3/td79q7o9eqx79Q/2CBBEpw0UFlMWgwtmXBqTqxNmEiJWFhQidCCB2YSIgmwM5giGAiDDSGYCQ6IJEEKFVpay3Xv3e/ew4lhIS4vc/L+35f8t4XQ4shACAiRCQiAACA/9UA4KgBIgIBIta6Nf3lGgAYIp5PE5FlW0QkMIHb3OTmmRdADYmIEVFtScEsAKAmeWyyjarhdXl1Rec2BwDLtlRRbVQbGTKh43kHAJi22X+7P/Yg9rL7Re/1hz8LvzVJm3oylS1nt1JbPs03+XhSV/SNow3GkJXMUt+tvpH7IyfFkzc7b6vcfP3oFQe+frgevRtt9bYO3RnSVX3p2xICYnAhCACzz2aPT49H10a5zWVRjvfHDdOY2JiIP41z4vVK/cynmeXvy27JzSzb8jg9uqwnjhMI2FTXVDHLiWTCf8WfKWdWfqy0uFuSp8m1/TVFVIiInZ2ZoMqrBbOQLWUJoau+6zB/eNNzc6BjYC+753P7BjsHi2aRIRPaBtsUUQm1h/JmXkDBf9UfCUR6b/TOfZ6LBCJelzf6LiqLcqQ7sv1r++j0yFF7h2mb4fZwuC0MCEbVmE5MN6gNPY09Yx/GcuXc/Jf5gB4Yvjccex87E4iCuPh1cXV/VZXUlJFKF9Od1zo3k5sHfw80p1bl1fGP4811zQyZg4AAQGJSykjtnOx4nB6GTBXV3T+7CCgJkk22yMR8JZ8upZ2C04GERJSr5IhIFVXZIXPiBOQSXABAQIhoky0wQWEKAWFwIciQaZJWtIoVXkHAywm9iI6aQaaUYYwxZOfZvJjQi/gPwjs1dlg2X6AAAAAASUVORK5CYII=', 'https://pixabay.com/fr/', 1, 5),
(43, 'Unsplash', 'Banque d\'image libre de droit', 'data:image/png;base64,iVBORw0KGgoAAAANSUhEUgAAABAAAAAQCAYAAAAf8/9hAAAAvklEQVQ4ja2SwQ6CQAxEXxX1IsRv9ebJP/BPPWg8iCLrYQvpLgUhcZIGdpidTFtgiBK4AQFotYJyZS5eOQaLUDhcAN5aQTnJzpOoVOhVNSfBEzgBuyxBrd8SiGMSgM9IurXeSQxmCceMBThnXA1cgFfGb4EjsbWB889hMTLcgriezkiAO/66AnA1RgJxgBsVtMQfqwAax6Ax+k6bbEDM88BwO/tM0790cYM5P5w2xJj0LYgjXAQb0yaYwn8TfAEKgz4r3ymo5QAAAABJRU5ErkJggg==', 'https://unsplash.com/', 1, 5),
(44, 'Dummy Image', 'Pour le développement, petite API pour intégrer rapidement des images sur un site alors qu\'on à pas encore le contenu', 'data:image/png;base64,iVBORw0KGgoAAAANSUhEUgAAABAAAAAQCAIAAACQkWg2AAAAeUlEQVQ4jd2RwQ3DMAwDlaJLmGtoDs3hNbyGOYbnsNaQ18gjP7lokF9R/gSRkA485pzyRK9H7j8NREStNSJEpLXm7snwTjOAUgpJVV1rqWoyHHsP1xER6b0DuGfYTTeB6x8zI7lvM0NEkBxjADAzd08YHxi+6webPgEB7y5R/poTGQAAAABJRU5ErkJggg==', 'https://dummyimage.com/', 1, 5),
(45, 'Logoipsum', 'Pour les maquettes, site en développement sans aucun contenu ou flemme de faire un vrai logo', 'data:image/png;base64,iVBORw0KGgoAAAANSUhEUgAAABAAAAAQCAYAAAAf8/9hAAAChUlEQVQ4jXWTz2qdZRDGfzPv+51zPD2pWqOEUhcKFWk0K3Xhos1C2wtwJRW0eAVCFHQhRxfSoiBegVSvQfBPDWlcFrowbRWEJLZBRVKliUnP+b7vncfFiaYtdDbDzPA8zL/HuMtkYGIoZ2jBW+NnGeQFh5fdmAn0ewTf0JRPOdddYSg37mfvNafopi9we4wdQSuRzThgIP3JqLzGR9V3xjua+h/Ux7j5Fzw0dRTyEskG1KWZf6LkY9Nh1zZdS2uppZMqStmiLi9mumUDwAySQIcepAQ9TB2rIz6Yr6s35lqSu0o0dn6lyu8v0qifDgILGUsHMVADbQMYWLegkXT8aPEzc6Ht2mkCq9z1+jOtXVhP6eKqyyteclcrxkXPH2n09vxIb74wVi9LFNnsdMhde+CJTwnNTrdOIxwOZ3dZNMbxxwtnTzSs3TK+X3fWt42fNs1KgWyiCaNyVAp2dTMH2SzQby4ZGOy2sLFtFMFzMwFmLP+a+PzHxFRXTPfRoBN2/krW8qoXDpiFuJBt75BuonIYFTgz1/LVL4nbYxj+UHHxRuLpR8KubVYsraWgmyrqcou6fJLv/CE32G2M2UeDz07WLHzbYWvXWPw5sUgWSaLnhusmtU5zrnt1n8Amf5hc/FMbp54MDr8y5suVzOU/jI0dZ9y4Rahmt5zk485lkLk0wYegLdCGIYy/R8ZTh8SHJxq+frXm9LFQjN2S6zbr1RWGcjBlM4GMfiVmBgKDyvdJ64AjA/FwLwwhA2eGHkPbAsghgwqWryfeXTJ2GrhTISHoZ1i+kaDCSgAPoP/qOWJCcOl64tJquq+2SEAXFHenM3sjeEd4F9BkofvXmcQRk264R7//Auc3OydImf0+AAAAAElFTkSuQmCC', 'https://logoipsum.com/', 1, 5),
(46, 'Screenzy', 'Pour habiller une capture d\'écran avec un fond sympa et un petit texte', 'data:image/png;base64,iVBORw0KGgoAAAANSUhEUgAAABAAAAAQCAYAAAAf8/9hAAAC1ElEQVQ4jV2TbWiWZRTHf+dc133v2bMJipVjbSMVS0Ob+qgjmhl9eBCxPpQiQTRmLyBm9EFEhqFBDEUxLJUipKzAD4KvQSAIww/TBF0vBAWpzFyxpg734p7nvndfxw+3lnQ+HQ6Hczj/3/kLAJiAGMBLi+1FMzpUeR54rFqFtMKAenrqpnLo5AX5gYdCHiQvPGGF+ul8rMLbXnGVCphB80xoaILBG9B/hUoUs6/UR9cOJNwfYFJ+hmKN51jsKU9mhGpCaGjCbeyCxha41IstaiNc6MF98wmC48ipS7wOoCAWe3bFEeV0kiQLSE0NftteWNJucqAbPnwP+fYgfk1nkKmPkkjgtZdLdIEEXd1qyxTeSSfJRPFpFZn5FDZ7LjKZCuMjSG0RmV/Chm8q42O4YASELavn2RxVZaNzRGaYGaIeuz2EjI6A87DuLSjWQ995ZPu72PgoKp7ghClWS4d7snHHHoNp9zGo98jwTSgUoHVZLmLLLPh6P9weQgpFxAImgmCgAs0YEgwRwQCcg0N74czxnNCKlbD9U4hiCCFnHgIItCiAASI5tsoENM+ChW1wsBt+vpjXl5ehvQx3x0Ddf3+gBn+qYCpYtYK80gEHjsLuw9DaBp/vhiyDEGDpchBFDEwVDK4rgXPqkCQlNDRh69/HRkdg8xv59sEBuDWUb4tizCmG5RqYcU4t4wsLhJAhj8zAfIRc/Q273At3hsFHEMegalz7HUkSglM0yxjThMP63S9yPjP2Fwu4gX6yO8OE0nPIq53Y3AXYpg+wadONG9eEMycItXUEFdSMj079Kn8ImKx9migpcjxLWTV/KWHDVkLLbFyW5WbpPYt9uY/w13V8fR1UU746fVk6wfRfM5WwqGkJu6oTbCrW42c0QqEI//wNtwbzU3zEaJay8/SP0v3AwfJ/O6991lZM3OXNJKEd4XHnsLiGfoOeNOWz73+Svof77wE4ay2MNoWW1wAAAABJRU5ErkJggg==', 'https://screenzy.io/#', 1, 5),
(47, 'Generated.photos', 'our généré et se moquer de sale tronche de gens qu\'existe pas puis également les modifier', 'data:image/png;base64,iVBORw0KGgoAAAANSUhEUgAAABAAAAAQCAYAAAAf8/9hAAABzUlEQVQ4jY2ST2sTURTFf+fNm7S0SfondF9RXAl+AQWhuHAhtKAIiogF3RZcZ+PChRvxQ0hBELLoQqELP0fBgktRE5u2STr5M9fFm5ekNgUvPAbeO/fcc84d3Xlo5ZUK7xBblrMKCEAK31hmWHFvQNOM3aNT6n6pzJu0xItBNgaca4wV781AYq00x86SseCdeDIckFsAualJlymQGfmgj8nxwJuxajYB/YcCA2SGgGU39SgJOY3JZpYUcJHQRbAT1h/ASSek6NzlRNEOgCvYyPro2jps3IZOD7pdkAKRGUzzxOkSihbIc6iU4fkjeFuHmzeg24PeWXifGQygrW2zYjVkfagswuY92LgFB4fQ+AyH3yeWZhJEr0kCwyH8+AVX1+H9a1irwbMdaB1B6i8S+LgW57DeWVB6/25Q8bMJuw04PgGfnA+x+B/MUySeZej6FXj5FGorsLcPX75C+xgWF4LFf0ME8JExN0hLcPANfdyD383QWK2EgGNO0ysE0Oa2tQRVQIMhLsuw+XkopSg2RuVxuhl5sd4/znI+pXMkgEs9Vq0gn6DRaDK1OIq+BfIpzowPvt3h1bLoSjwGaqPRRZ/R5liJo5X1abRPqf8FPq/HcQfhonoAAAAASUVORK5CYII=', 'https://generated.photos/faces', 1, 5),
(48, 'Duotone', 'Rendre des images en deux ton', 'data:image/png;base64,iVBORw0KGgoAAAANSUhEUgAAABAAAAAQCAYAAAAf8/9hAAACfklEQVQ4jW2TzWucZRTFz7nv1yQzSXAhZKNiJsnCrILVFpPRVQWx4Kru7CLddFfdCoK09T+QgExSsij4Byi6FG0yZiFCwA+oYuui6qKjZZL5eN/3eZ7TxTtJhti7vr9z7z2cSxyXRJDK9kbNBNGGGS8y+CVIsciHIvcR/Pbh+tRdTBQn4Znd4VVm6S1GNo8yAK6suiwG0ggofKmEm72Xv/wIfOcQAOwE/r780Oq1LZZ+XsO8hCs9iABACC5gmJcBPmJq1y++v779Mb6JIdFAarrjLjG1mxrkDsF7knElXm1IASKSYCwufPr30cquLv/16vIHIEV0NDUbue9odg5F6QBEkABW11FQMNLFKFpbXS3t9dOynoBCt3ThFav7fA3CqooyAIgq6v/w6+2uFvf62ahhlJzI+FkzvW00rjGNjUAAKR27O4b9GG52+rW8YbCqQcZYkUWrRovnaAAIQSLPrt3uqtkZZHnDxMpSgGRAQECYMyBUU/X0yYt7R7ViDPM0MzIYIB6a5P9AGSjJTmHmrXYXi51+ls/EAUE8gcfhkTyB8JO5MvtKzv9HixgM9DGKVvsRmp1BmjciHcM6mQ4BkblQPPYh/cJGb/A+jDuaS8wZ+q2tf48NO4EhiAAISggujWeNire2f3zudwNEPRx+wp47aH2eN5bu9iyfMW/jmymIJEj4oOBq8Vzq3ODb8qh/AxAJiAD15nsPXlz4lXeSpP6a80N4FRPWihFriC2D86Ovh/3exs4vK/+cJmYscvmln9NnpmavRZFdEcKy4KcJCODQmBx4X+x89sMLt6twT37jhAgAvIXfsufPN5qhHCwEmMvS7M/N/d17wLv+bO8Tik9o5FDGPT0AAAAASUVORK5CYII=', 'https://duotone.shapefactory.co/?f=10c5f8&t=6736dd&q=_', 1, 5),
(49, 'Lorem Picsum', 'Ajoute des images aléatoire aux dimensions souhaité lorsqu\'on sait pas quoi mettre', 'data:image/png;base64,iVBORw0KGgoAAAANSUhEUgAAABAAAAAQCAYAAAAf8/9hAAACSElEQVQ4jZWTvWsUURTFz7lvd/Zjdo3Z3bj7kpjCQkUtJGJhJYi2QrCzVLCwE/wXxM5CFEGwERuLNEIQLUVsUlv4lUBQMtWGSYZldnbnXouMyyqB4IFXvMd59/647zzib7FYUuxzAIZDxMMMc3NzjXa7vXCQd3IwOzs7U6lUFkmeAnAawBKAYyS7ZtYGEAD4aWY3oijaKcjyUqvVWqxUKo8BnAWwa2YbJDcAfCG5Zmbft7e3fwDIvPerJFcAPJ8Q9Hq9pyTnB4PBrTiOY+/9sqpeEpGRqpZFpAygqqoqIisAmgBWzexTFEVvSwBCVV2P43in2+1eBfBCRN6b2a5zLjCzEkl1zsHMPpI0VZ0h+bTb7T4oAdh0zp0EAJIrZrYWRdHdVqt1vN/v/wKgBw221+ttkbwuIvJNVTsAYGZjAHsAgnq9vuW9XwVQKgY4rbKZDQFkkmXZV5JdABCRsZkFAPLxeHxfVZ8UBJn3/t78/Py7TqdzAcComA1Lw+Fws1wuzxQEIOkA5EmSvEySpA9Avfd3SD4iiSAIzjQajWWSMQBxWZaNms3m7SRJXoVheE5ENAzDQa1W+9xoNK6FYQiSz4oGGclWEATnzWxPRI4SALz3D0leVNWQ5AjACZILBVFx16wIngJwJAcAXjsASJLkQ71eb4rIkohcMbMjxatM8jIlAZA75yqquv5vtkve+zcALv+JOaeq7ENASdLMNvI8vzldwGH/96Hdbi8EQVBK09Sq1erEk6ap1Wo1pGlq/X4/AjA6KCP/I/4G1VXv8UDzO3cAAAAASUVORK5CYII=', 'https://picsum.photos/', 1, 5),
(50, 'Sprite Database', 'Banque de petit farfadet, parfait pour des petite animations', 'data:image/png;base64,iVBORw0KGgoAAAANSUhEUgAAABAAAAAQCAYAAAAf8/9hAAADHUlEQVQ4jYVSX2hTdxT+fn9umvTmT5smTZtkrdV2sy5KK9ThNqRMxCruH24ve3EPexs++eCTkI1tIOIGgk/6tIc9ORjb6OxgTGRMqHNzGpsY21qtTTLbVHNv7k1y/509mG6DCX5w4PAdvsN3Pg7wdHAA6pGp1JVDu6JXAKht7tl4FxAAMBLzn8h/9zp9+ekYRSU/0R6LZy4gAgfQfey9oSrdP06F6YPugV1qFYh0I/t/F/8lZHYSkjF46c7Oo3tfGYiSE7AVLtw9E93RdLh1FFl4k4DEk/rHEmv33qUleAAOvTGRPj0YTMrKPV3MXTc4M8OeDX1i8UHz5gKoAMBra9iGOLwpEvlwfHtgz1jGN7VtuAuDqWHq74uycuU+CnfKVG8Y7Na8jtycdXG5hMuLj2pnAWgspap7R0fkTGYrE0L4USyuU7grjs2DcfbNTInI8/DWVILNL1VpZWUVI1uCLBxiyN0mN1909ksbyNV09tnV69YHeguhunxTzYifkI5XaPVhjQEMAwmFbs7ZKFZfg966Wlf9lm5ZvvM2kNs4AQA6t0QHPxp///yx9b9yTum3acWtFZ4EFdmKxI59Npf9svjt8c9XjObHwLqGfwPMykjki9C2HYcLIvZyPJxKkNrTx/0BFyCgYXKs3yt6ld8vcrf5sHJ7/sckMCmASw4HoABZJ2g5R1IvHe5Nj79o578/x9cWF2BqBgzNQK28jNLsBebrGnHDAxM9ceBV4GcXAJcAXAC+YN/4VEfvEBnLs7w/FYBj3kUwlgFnLrj043G8h/FYD/U+P6Y0yrOfrObZPgAOBwgAAp3JzP4Hf/6Cd9ay4uBwk+oWR0ANgHGGUCwGGwp15U+L0B+niEc37wbgR5bA2zE0rNrSjKtZ7tlbL1hf3+B4bnQ3DO0xgTiEopAAsZXmEN3VN7lWraoB8JAF8fY3Wkb52rRlPpJVr7cjMvo2UxQX9dU1xoWAZdZZKLmdWv6EZ4qkbJZ+PQOgDjAhNt6S+UcLbumHlqctXLNNa6ftqJIrHSR9krl2iwydQZu/7JhLX51q1ORJA4YNwPsbZ0FSGZ6S2EsAAAAASUVORK5CYII=', 'https://spritedatabase.net/', 1, 5),
(51, 'cssFilters.co', 'Générateur de filtre CSS', 'data:image/png;base64,iVBORw0KGgoAAAANSUhEUgAAABAAAAAQCAYAAAAf8/9hAAACo0lEQVQ4jWWTMWidZRSGn/d833evSknbNELTNKYGah2ExkpBiSCaVqilZgqYdHJwk0I3xztWt7ZDcRC02CANCGK9iFrioKCCQZFgFTGlNcmFQCCppAn3/uc4xEhM3+ksz7u85xHbcn3seupduzNkyUcK0VtLbsWCYlWk5Isp4ssBn/1ZU1PVFqOto3nqUldN7fGsOFAzn0/mA7UUPQW3lGOubtXdbP5Els/XSZP7rjVW/ytonrrUlb3zphn1mrw/paCk6qmiOFbMUzZv1cw/yynWizpzCR5K5Mv7rjVWLQgpfLySagpOhHgd4my4NkI0gWXBbmAPEW8QekGKDVl7IkDp+Mvdz8gZTsYRiZGkWDbFvBktM24kq64m+aBJa0n0mcVRE78mi7QxNHwvRzDi4k4i+oBPUBCyd9dW/p5+8etGB+DWa40ZuZ4XMQR0AXsC/SHXiIH6BEdArwhGwy3dX+v8sAUDPPlRY6HErk+B26DvDQ5HcFhGryGKZIeA7oDFML948qu3VtiRg1Pn1yE+h2g5PIt41CGbPALwgDbSd3I9vRPenEsB9gswDBghAViINvgS6FvBINKJ2bFGbWfBwnijB8V5YC+wJJgzRWXAQrhmIRaJOAYxuLLxyOg3r759YAueHWvU1tFzHroH3ACaIf8zKi1kiZvAGcFqbD5WTwQTRZz7cfTCOw/n9mBCZ+TVIRnd/67wodDjmH9sp784N4NohTQnownsAiopjpv5+y57Cap6QD/EXoJpE78R3N39wYUZEwqZJs094ZqWeA9pmWAV1K3gtGMF4iqhK2ZMe4TCy6Qg/idTXZ2JbN6Xxe9F1cGSq/5s0SnmS0X+V04xUFS1HpBpu877798+mhQni9i/qbNHSVUYLJbcvvlY+9ZP23X+B193KxJMyJADAAAAAElFTkSuQmCC', 'https://www.cssfilters.co/', 1, 5),
(52, 'Shapefest 3D', 'Objet en 3D', 'data:image/png;base64,iVBORw0KGgoAAAANSUhEUgAAABAAAAAQCAYAAAAf8/9hAAACT0lEQVQ4jY1TXUiTURh+zvl+t5z7XJuiVmQsKxHCSkiJHIV4VxHswot+jKC66KaroJvP+wiarIvYiIi68KIwoxvBWhddaQkxggyZkmTzU7ec69u+n9PF9q3lUnpuDu953+d5z/Oec4BtwFRQBpDtav4bRzEl3Aql7qhh7VR5iwAAX9MVIARgLH7GA8m4XDTIW2no9aeefhpweY0bELNrACYBBoCAbhYgpQyMnNWOzI8In0/3AcDIxMulQ90rx/uuPnnIYj0+FuttqPUcBpcND/iceP3u6Q4WC/tq6qI9QRbt7q74cJBWbwcbtJUxYhRmjXX9nuvZ6DvHlt71dI/VlO/N89ZU46vrsw6HAoCqlta5onlsNaN1cIJ0VvR5JorXLkZS5weaCcBkgfS7ifeC4vLVO6J/hqiW/a9qB1Mz722rZW+xeX+nTF3um63NrYf1S+eukMeDcYDENs+Klvk2GOPN1eUuoufIYuozvzT/1WZ6weBd7pNcnX80PzS4q7rzXxYAILkM2dKW2ignQgy0kbUNnXyfn+N+LS4UeFk6Itd5H70JhXinc0XAUcw9GG6h+XwrrW8kstIISZItM71AjLmkpH9Lbdi2+eVAe7u4+Ub44ZIAKyY/7BOo6BMVxRSYwSk5jdg7PKbpDYz9LNoju6PxRM29o+olmtlMZ8DjZQpHeGQ10xblceZtue9/Mf5PYkVALXtSKD2xkwNhuexzSxAi/snpBDCN8uAoAeytTsAiwaBUT/HRzmWiTYmZCSfpELciVzAKcNUxQ+0f2Qq/AXCd313rtKxGAAAAAElFTkSuQmCC', 'https://www.shapefest.com/', 1, 5),
(53, 'Code Sandbox', 'Outils parfait pour tester des techno comme React, Angular, VueJS etc mais que t\'as la flemme de faire démarrer le projet en local', 'data:image/png;base64,iVBORw0KGgoAAAANSUhEUgAAABAAAAAQCAYAAAAf8/9hAAAAoklEQVQ4jc2T0Q3CMAxEX6LsAR/tIrAMIzFNF6Ef7R5VzI+NrJAmqPz0pMhydL6cpQv8iaB1AG5ALO5LiNYMTMCc9OIOPIFFRVoCGbgCDy8AsAKjElqIwGyNCQQ9W2fY7Bv/s7OJxNpExUHwDezv3MKXg0M4j4A0WXVI6cBC0kP2D1oORE/6QSQ6Pj6JF+CFC8mObVEuUP9MvUzYqhMu0ofxBhXGID34UPkkAAAAAElFTkSuQmCC', 'https://codesandbox.io/', 1, 6),
(54, 'Free Sitemap Generator', 'Générateur de Sitemap.xml', 'data:image/png;base64,iVBORw0KGgoAAAANSUhEUgAAABAAAAAQCAYAAAAf8/9hAAAAxUlEQVQ4ja2TMQ6DMAxFnwGxdMrB2Ojai3RADFyka9l6MKYulRAdWlMnuJGKaikSjvO/f/yJ8I6aZuGHeHATAAEI5dUF3+cLAIfy5JJM81Eq7Tz1bVQM3RgBvXpNsxR2czm/VgrQb1vXiAhk+BAp0ILtmQ1B6EaXxAPrWQDRGeh9046pOgXrgFcFupEqyYEjgr2xEuSukDpj7Y0UeBP3nLEkhSY5u76RbBR4duXsBahsYrtar0M3MvXt5ieCPzwm0WTvc34Cnyppmt06Ag8AAAAASUVORK5CYII=', 'https://xmlsitemapgenerator.org/', 1, 6),
(55, 'Coggle.it', 'Alternative à Mindnote sur Mac, pauvre Windows... Pour faire des cartes mental', 'data:image/png;base64,iVBORw0KGgoAAAANSUhEUgAAABAAAAAQCAYAAAAf8/9hAAACgUlEQVQ4jV2SS4tcVRSFv3XuqXenjMaWzqODEjCoA+mowYZAnDlJFCQIAXEY/0r+gwnBgeggBDHOBFEUQquRHvgAoRMfbeh0K+l0dVXdqlv3LAe3qnzs2eHsdc7aa3+6+v07z2exdgX8QlliYYFkG4CgQF4MiDR57tArfnbxrB9pPMGw3Pttt9h6O6LsWq0RV/L+OIWA7P+Kh+N9FpsnOHPsIksLJwTIOLWy7pNO6f2YZWElHxRJUkgJwAYkiUHe4+lHz3D2+FvUsiZ2shQQCrbdrh1cjqlMFgqAwfwj3ufU4jlWly9gQ0olUhBVGRCQ4uw8dS2AQd7j1OJ5VpcvkJyqcULGv8sYoRCrwACsoIxJWXB66Q1eOvL6PIdqsNmnlcuggG3i7EIKDIt9sLjX+5kbP11GqkwdXXiG08deI6WZm8DdB+vc3rpJDMooU8FoPOap7ou0YpfRZIBtalmdX/bWpw7OAyaEjK//+Ihv739MFjNif7xHnQ4vL73JyuFX+X99dvcau6P78xxubV7n9vZNOs0DgIgrj5/j5GOrHGofxU7YxtOQggKTcowsJHFr8zrfbX9Cp9md98pTapITompMKc0f+PTOuwwnDzly4CRrWzfoNBbwdGuSiCYZo1CxIdtIYkZjM3bY6K2xM75Du9GpABCVXHYQwZquSlXsJCdCyJBEf7KLZGKsTXtsSdWGJEeg+rpSG0wWMhXliC9//4Bfe+s06h1SKqcEVtwYUhYU1C8e3GvHg4fBiQpptvY3+GrzQ3byDRq19gyeqUPbxq2Fesj742/iXv7nRTXCe61ad/nhaDv9uPOFfvjrc03IadU7c5TnYuQYpdGwWCuTL/0NafhE+yD5J8EAAAAASUVORK5CYII=', 'https://coggle.it/', 1, 6),
(56, 'Can I use', 'Obligatoire, vérification des compatibilitées entre navigateurs', 'data:image/png;base64,iVBORw0KGgoAAAANSUhEUgAAABAAAAAQCAIAAACQkWg2AAACV0lEQVQ4jU3Rv4tcVRjG8ed5z7n33DszqzFxDagEFLuo2FgpiliKaJ3GMmCZwkawsxIEfxSCYCOmCFhYaCliIhb+AF1wCxfNxiQ76242k3Fn5t4757yPhSn8/AVf+PK3X69EY9XP1Wzc6MtmbeYe+96BWVFrqPqcx6FHKXlEWEzRRD+xcd+P3fU3pxfffujcU6NHVkYjT5KRjK2rMTeUkswY7x3XDhgTnYyLVIe2SaVWoDWSQIcoQmIQqZhdgpKFIDNUktyl4k4AAigJJAAJBI1gke8Of899CcDhgggQxP/wLsUKdpCPX7/6/tnxow0rgo3VS+8FkZRIQoDkpFE0Sw3qOiIQlljN8vL37oZLJP5rkZQYW0uQRFl/9c98cw9mrjIKzRe3v7+w+9GggaDcJQXazfWt7dU1QQBt+u47h599GpuWEoCI0FiVrG6sZtN4tLE1l44uv3Ht40E5yKLqSnVwuUOQF8+Q/ljtNVadnnbaGGnzjDkMlMvN43jQIlNG0uAhhFDn9OHsq/EiX/hgJ770Ynrt6bBvFmxSj0aW4g/3l1m7wswWfqf3xTG807Kt4Yv1kQ84PKwvf9MtbpHlyl8/3VNPQn7rme0TCH32+Zq09axb58F64M7yyf00PTrov/1uq+2mE/9lf3unm/J4d+sgz9+7/vnDzenb6/nJuFGglQ+txfNnXl2VflyNvj78eeufnfMPvpwsRqZAY6nEKhx7/8oDzz4xeeyTvS8TqxQCGKH186fOPnfqcSMFREgUJtZWDAlVQqTnc5svGK0rA0EnKCPufvwXys1FbkTZ2O0AAAAASUVORK5CYII=', 'https://caniuse.com/', 1, 6),
(57, 'Compressor.io ', 'Compresseur d\'image pour tout les formats ou presque', 'data:image/png;base64,iVBORw0KGgoAAAANSUhEUgAAABAAAAAQCAYAAAAf8/9hAAADKElEQVQ4jX2SS2wTVxSG/3tnbI9nYmPHTIgdBRs3KCGQtDSERxJaB4RQSFlQEVXtIrBCFRKqoIhVF0GqVKGyQGyQ6IMWdqBSdVPULEpooQUSShFJXFCwo8bgJrbj2LE9fty5t6upUIT6Lc/V+c/VOR8AQAAEL7F7f0/3sfP7fxvYvbMdCHkAACOgeAUSAJwGAITX9m3dGOLuJfe+o51fbR7Wt5Vrxts9Q40fNjU2LETPzk1ixSBYhdOfHPp4cHDTp6qq09Hxh6znIFWnpktcyzdTVRP4derP4tNnscHvP394CyOgGAG3AmQAWtcbnuOeVUUlHLYLYa63X/7hZ763eTvtj6wBHGWY5SZtJhu7KIA28lIzAFAAtcJyKXf5m0lRzCybrPZCLJc5CfpNZOafiStf3BPEqAjqEE2D+/q2dh0JqCt3YHpX67a39jQPZJYq/HFlgXp7bWTujyxEluLRgwxYaxUZNV2ZT6YOKDlXNjR99VEo8i2dnQWnEUB2bJH1REdejDckSW0Dg6rIKHfXxETdP8T/nguL7SmYZebq2uUPSIHqcemjQ78YxiYfANC5+tf8ap180hd0EuQJy88w06bITFPt8G52otSaQjyWQFDRxdCBVtZ7UG9jVbLOea/DBAApa2SXG+p9dfOxXB9jTGY1TrMvCnQumiVpIymex5PCSEH4X5dIfGmB1vudZnrWdBRbYjsC8xuu/nfX/nc39mpepV9ymUEum26HD/2KDt3MyWjYW0F6igubz2R2B6WkbJOeXjRP3bwWPStbPty8PnUHwB0AaMGA3n3u+aSrhSNxHV8unVHua2vxWeBI1Re/JP/tauOrPY0KAAgrQACgkQhoJAL+U+5xoTCjH86MOoqjP47fBsAHDnelomfsO9givWHzVi5IejVkiWTBx8bAx8YAIGEAiRvWQ+eaTs3dUd1p92J76jb52szTv3iVOC2RXs0IaPsQ7AAQHpaGFb84UctjVhi2d4gDflEmCyt/sDKATwMMAHiBplmJsFJcjnrerO2yuRFO35U/sEz8PwQAPJlITq/vaBJakJ9gRbqY/11+f/S7iScAyL8E9FIo+bPsTgAAAABJRU5ErkJggg==', 'https://compressor.io/', 1, 6),
(58, 'Regex', 'Indispensable puisque les Regex c\'est des Regex... Ca permet de les tester en live', 'data:image/png;base64,iVBORw0KGgoAAAANSUhEUgAAABAAAAAQCAYAAAAf8/9hAAABPElEQVQ4jZ2TzyuDcRzHX9/HfrJQOO2ygxIrkvIHkMNKuzg4uEj5cXLgZpIL/gAHDnKxnHBdcVDLaRIHKbWDFpFcLE+258c+DmvSPDbP3sd33/fr8+7z6asGZ5NrCllRSvlxIREpirDhUUhCKeVzEwYoD5SE1kj4J8RTbTYHPEyN9pZrIuifJpf3L2Sf3h0hWrURCniZj/fzUTDI6wadbUF2l8aIDUccAb8aVHSczmKYNgC51zyTIz2kMg/1GzjJsgVNKXcNopEOLKtEuCvEQnyAg9M7d4CZWJTWFj/d4XZW9y44v3l0B1jeSQNwtD6Oz9v017PaOzBMm+2TaxYnBgn6nGfVXeLZVY7nN53pWN//AHrBZD91i22Xvr2twwymVUJzOIQamktKvRa1pIlIsdGwiBQ1QW02Aql85y9qF22fTosOPAAAAABJRU5ErkJggg==', 'https://regex101.com/', 1, 6),
(59, 'Fancy Border Radius', 'Génération de border-radius assez stylé', 'data:image/png;base64,iVBORw0KGgoAAAANSUhEUgAAABAAAAAQCAYAAAAf8/9hAAACTklEQVQ4jV2TO4hlRRRF167Pfe/Z3eMHBAfGTEwM1EREQUxEhEHQQOykBUM/kQgmwguNBGEYBCM/oLSYTjIIBgOCoGAiiKYmoozzfXOr6tY2uLdh6Arr1F51ah1KnFpbtmHLtgP8wVfnCn5mjZ9YwbkBrzP+8T7u+VS8tgPQaQDAZT5/co/4zhpeWqGz+0QGYMCsEBPlsvDhGd74N9wdNOgSX38YWV9Zs/fmRDq7w75Gm65Tp2u0dpVS99l/YYKP7u5Axxxn4c/u1fqoecdAr1mOg9HJ7ZmuAfqG4MhUoD6bwAL5BtPHD+jg6D9u1SxHm9wtEAZjIxM8n+8+YNh0OJ9AvsC35wnp7avetcFES0GSscGWNcdsJNRBrgRX9HjacjyM6INMcncDSbMOq8+hpUmwjCx1rBFo6EyC+HSRn7rpkSwiIM8EzBzExtbMkbBhFJpMSzXwXGKVi8tk0KJV9gxhUe2FKs3l5uCG/kkj4dGk0BuyvShb3jynZqI1F2Yz1h1BM3+mBrsRQoCOJM+92lq6WSAGpEUD6JabM+mXULq/vO1aKikWmKqCR1D1bLpIjILKvD/KNpk7+K8blJ/CRV690rrfqwRNDGnEvSi0EVwMFbk6uCyQgiaHQSNcepGjvwOgi7xyYdfbyyP+1Wyi2aRJKRSkYrmIXkwvuHVyvu7xZiN8AhBPPP/MN78/6Oe/OPDmt04Nlg8s7UVijOQQSCGSY8e3J7e3Dnn9e06GcvobA7zP8UOZ/FgK/ZFV98MDvn8V1NXrd+9y+MMyHv8PeWdN1SidKh8AAAAASUVORK5CYII=', 'https://9elements.github.io/fancy-border-radius/', 1, 6),
(60, 'Bootswatch', 'Des theme bootstrap, ça change un peu de l\'original.', 'data:image/png;base64,iVBORw0KGgoAAAANSUhEUgAAABAAAAAQCAYAAAAf8/9hAAAB3ElEQVQ4jaWTTWsTURiFn3tnMm2TtEVMgtK0sRIx6kipilbFiCgKYiHFD9BFdy50IyiNiiCCLv3aqC0VIt36E9wJCrpVF6Kp2Ii2MaVtpklJOjPXRTClTiutnuXLOYfnfS9XmAdTF1DqJogGVqeCUKSFmUxZQHCV4d/6qS8X7tnZxbFD+yjOlngwOLJcQVh6RlJH6+hiV/Iwp3qPcq7v+F8R9D8Hvp4zaBu6ketXttUiAju6BquzAoDQjRUV1AmctQGm+/ciNJvW7PwCkeHj8cgw4UAjH3JjZO7d5WtuyksQLs+wZTyLEg7llsm6QZOSA7EQiVCQk91bGXoyyOZNEW/BxR1ZnjsZzLkc5WB+Eeb47Dzv8xYAbc0G59PXlyBoqtKgbIYLGULGF1zpAOAquHL1MmdP9/M6VwBgd3vUW/DmZZzS23Zai1WGJjLMiNqeUsC6aIQmnyRg1A5rK9d7xJhmo743U50I0hmfJN7ykOr2Rxia4M7ADUqXXEL+mv3V508LN4rEErcAppTGDyWZdjScgp9tH7/xoi1GIroRQ5P4fTXYd3mL2+lrlMq1lxJmMqVYQrpQdEiXPSf2Yx7pRTcaGR0b5dn9p1TmKnXf/34mSyJIA8V/CBcFauAXgBKQ5BIjZBgAAAAASUVORK5CYII=', 'https://bootswatch.com/', 1, 6),
(61, 'Clippy — CSS clip-path', 'Parce que les clip-path c\'est beau, mais c\'est relou', 'data:image/png;base64,iVBORw0KGgoAAAANSUhEUgAAABAAAAAQCAYAAAAf8/9hAAACVElEQVQ4jWWTwUsbQRTGf29212zTBE8x9k9oICBI6UlcCT34BzSYClZLVSiUkkJ73ktPPVgoCF6aYhHFnnppKYW64lGEgqB/QtX0olazySYzPWwSV/vmMrx53zdvvu+NkAgDgudZAARBR8Akz/NvzVBqgFkM0oyoHb+SE0mCbwKSuaE3Jp9K80PdooiAueRXI2LS7hULGDM3lkPS0zH6ck1qO3V8Y+NL20lTsTIUO39pAqLSjKQaPO4TmKelPNr+iesUAAjT82bWKwmcJFtCMJjuvgPKQPxmLRVcp0DYCglbIa5TQNlT+KINqFbERueCQ+s2rpUhpRvsh4pVlWDv63EVXT09T9Vfy1FkMa4bVHWDatSg9Kcqv22BTkzQXidszeMO3I2fEB2gmxsA20GgR1cWnL1FqQPvEjLLtVvN3GQOS8cidroignDNHaNY2bNYHG2DGOnZxQq2LNBGrop7No59fZ7T2pkGUJfR2k75fb1Xo3pFskgUg42YhVHHByVg7n95kdfaDpxsasnJppZ02g7ubT4b7hHYAsZ8IIdL3Hooa/KEurfl2UwE2hapOFm3EJ2GIYAz6BbQugIssfnQss0n7qD4ToZibCfzpkZJtr0TCP435kYoYIY0RU5pckZIlgIOU/i+Nj6qFbY2WmeNQ2fQdZ1B143Ow4NWGK0DUP7cUfQmQfoLdHcmxlG75eUjotCLTsOX0XmzqlTb2y0vH/U6EFNjGIdvZBjBABfso3ggjzjuU9/4ZMlcbOMqQzjMYTC0+SgzifnvArwt3wIIJvxOkvAfkLj1402ttPkAAAAASUVORK5CYII=', 'https://bennettfeely.com/clippy/', 1, 6),
(62, 'Placeholder', 'Intégrer une page sans forcément avoir des images temporaire à chercher ou placer', 'data:image/png;base64,iVBORw0KGgoAAAANSUhEUgAAABAAAAAQCAIAAACQkWg2AAABwklEQVQ4jXVSMc8pQRSdmV3fmuwKK1kRQrLCr1m1P6CXSBR+gcoPEI2GTi0kWkqFqJSyNKvZCLHsvfcV4/Pe8753islk5px77py53HVdxhgiSimTySQism8g4vV6DcNQXQEA51xnjAkhwjBstVrNZvN+vwshAIAxBgCn02m9Xk8mk8PhYJomIjLXdavVaiaTGQ6H9B/4vl+v1/P5fKVS0RljRMQ5BwAiQsQgCKbTKQAUCgXP8xKJRLFY7Pf7nufFcfxysG17MBioepvNxrZt27ZTqVS73QaAOI6JqNFoOI6js79BRLquO45DRM/nc7lcXi6XdDqNiOVyOY5j8SHgnBNRFEWPx0NRDcMgIiHE7XZ7pfThIIQwTRMAcrlct9s1DAMAEHG73SaTyU8BANRqtfl8zhjLZrOmaaomR6PRfr+3LOsHB8MwSqXS+ySKovF43Ov1pJRE9CnQNO18Ps9mM0SMouh4PK5Wq91uJ6UUQvwgEEL4vt/pdBBRjYmU0rIslfjr0USkVrXRNE3lKIRQE/VmM8Z+O6hvVgyFdyHOuWK/BCr7r68vTdNUD2+euv2zZ519z/ZisQiCII7jIAje7H/xC49XNlSclOovAAAAAElFTkSuQmCC', 'https://placeholder.com/', 1, 6),
(65, 'Open Props', 'Librairie CSS très cool qui fournis une tonne de variable pour développer facilement quelque chose de cohérent graphiquement', 'data:image/png;base64,iVBORw0KGgoAAAANSUhEUgAAABAAAAAQCAYAAAAf8/9hAAAC2klEQVQ4jW2TTWicVRSGn3O/+/1MJoFYiiittoFWpEsVEaQ0tYWCggtNE5Lgsi0t3VQQMroZFJOAZKNgsRtBaMr0x65ECqVOulAXriXSQKhRIqi1k8xkvr97j4sx7SB5t+e8HM57ziM8kgqIvjGjTwzbYkwwRxT/LIBgflX80sMyvP7NvPyz3dur9ZmnZ7IJE9t6FJvnRaDMe1UbgSrkmV/2WVm/PB83tj0CakD8ZC2bSQaiORHI0/KOd+46yj16Yw6aIBiLEvuaKqRbee3KXDwPdSMAUx+UJ+MkuOqcT8uMdxfngovsoMmZ/FyYBAtBYJIsdeOLH9trcvJCa1dUqfwUV8ORTjs715hLLr54WsOku3Ye746AomLufv/bvk9pSjlRS89WB+PPs06xmne7L8l0LT+VDIWXuu1iaXE2Gn31zeUhP2i+Tqp7jruig4hggoS0s34rLofHmteebE/Xiu+SITuabhWnDUaPikG95ysArQankuqe41nn97t5d+P1vPvgrXRr/edk8OkTebRxBsChixKgKIetiOwtMgiMu98LTI95l3oPH/3YOHAb4JXxe6W64iaqo8CCUb9apADsM/+ljFrrARTZj6rg2btTkP0SQazCWhhDnut+ACNsqjoJjLz38uQvD0WMCsxKEAaINAG8mJEwhrJgzeJo4pgSzzvAl6paeJcRREOHrIQ3wfdCbK/fisvhLwACZEo9gqNp87R7A0MtqYZHJ2v5mZWVlc3YGi2KjUui7BYJQ5XO0g/rBx+dMR60o2m7WM3T8IYATL6fjScDUcNlbuvPv/5utVrtp9b/aI2s3nnhfv/OUzV31iayEBippN184spsfPXxK89ktaQazarCZqvjvC8/GahUb3ucEeWAWPt2HAfHdnzlxzCVEybSDwNrnwssuOJ/MKXlss+lfnne9sO0rbqBuj9xobVr90BlHGMOo/6ZfpwftMLGt5/JRj/O/wKgz2tZhGvZkgAAAABJRU5ErkJggg==', 'https://open-props.style/', 1, 6),
(66, 'Animista', 'Une sorte de E-Commerce mais gratuit pour copié coller des animations complexe toute faites', 'data:image/png;base64,iVBORw0KGgoAAAANSUhEUgAAABAAAAAQCAYAAAAf8/9hAAACvklEQVQ4jWWTv0tsRxTHP+fM3Lss/kDBFfS5KKsQLEzjk0RZsLJMpyTNIyFVQHhpExu7FKkChjT+A5YJBJNORZJNodiIoMWy+OQtrlEXlF333jszKXTlvZdTHWY+35k5c75H+CDK5fInqvoFMB9CKHrvxRjzxntfsdZu7e7u/vMuL91kfn4+H0XRDyKyaq2NvPeEEB4hEVSVLMtS59wvzrnvK5VKG8B0xdbarTiOvwwhmCzLSJKELMtwzpFlGSEERMTEcfwp8PHQ0NBv9Xo9NQCTk5M/RlH0VZZleO9J05RisUipVKJQKCAiNJtNrLWEEIii6CMR6T0/P//TlMvlWWAT0K54ZWWF2dlZjo6O8N6ztraGiHBycoIxBoAQwstSqfSHAq/iOLbdmo0xLC0t0Ww2OT095fj4mOvra1ZXV+nt7cU5h/eeOI5tCOGVisiC9x4AVcU5x+bmJu12m76+PjqdDldXVwwODpLP558/9unCBQu86C4CxHHMzs4Ow8PDzM3NcX9/z8jICM6599r9pHmhH/qg0+mwvLzMxsYGURRxdnbG3d0dqv9DH18tIm9FHu2QJAljY2Osr69TrVbZ3t7m5uaGh4cHusyzgUQIIbxV7/1f3dOdcxQKBQAajQZJktDT08PAwMDzfrfcJ83fplgs/uu9/9oYoyLC7e0tU1NTlEolGo0GExMTVKtVpqenqdVq1Ot1RATnnFPV1/Lk/59yudy3WZaRpinGGGZmZlBVarUal5eXjI+P09/fT7VaRVVJ03Rjf3//tQVot9trxpiStfYzESFNUw4ODlBVjDHk83kuLi5QVfL5PEmS/N5qtb57noV6vZ6Ojo7+6r3vDSG8zOVyGkUR1lqMMagquVyOEELmvf+51Wp9c3h42HpvGruxuLg4LyKfO+cWvPdjgKjqG1WtAFt7e3uVd/n/ABm4T2QjfJR6AAAAAElFTkSuQmCC', 'https://animista.net/', 1, 6),
(67, 'Meta Tags', 'Gènère les Open Graph pour Facebook, Twitter entre autres et également les meta description etc', 'data:image/png;base64,iVBORw0KGgoAAAANSUhEUgAAABAAAAAQCAYAAAAf8/9hAAACNElEQVQ4jYWTz2/VVRDFP2fu/b7X1oJWYlixwygkDcY/wOge48atf4E7dG9JDCv1DzDxLzDYBEgIG7pw46oNNDZpE39EjYbQCIpA2/fuHBf3QaUsnOXce+bMnDMjgLMrk4+p5YJbngQDSCD+E+4PBqESd5i2L7ZWhs/0+kq7UEbxuVtSyEQS9jPgpyEZ240IlaAd5Ec6c3GyG1GW9g6aH+67zH4ajhY5zL0wVpsbFWW2ezXgxP5B8+lX0PnlICSnLSmegdtWKJy2rm06frjbGFdO1Aj8z37q3eXCh28XOos4IgFPtIFANH16vTE/CtdeXRDhabMmzQwlcAfM2CENIRjVroW70FSMJHCmSgRGlNLHTXfmMlNmbwJXbje+2UgdH4uWqD6ntE1LUWTKTIZf/zRXN83ljeTHuzAUGGonqE9alHqihIjoue9+MqsbyY0t88ffcPI4jKoIzcYTVOmpvZQI7j9Kbm6br9eT9V/g4QG8vABffVB461Wxtp18ctXsTU2RqM14cSxd2bT/ety0tmN27pgiODYnHk/M+28G55eDlua9c4Vbv8lffjvV0qJc072tn3fR97/bC4P14rxmxpmWxj4q0+GSVRlZeFRhbkDpcDq7T4hjc7B6K3njFLzzWvHadmr1tr04H2RDOnNxsqsoS5nNAWVGZvXdRcA0Tab80gK6/8hIasNQ5Gz3wo5LKgopik3qcBVRb5caYlzRg308qsphiKKijoX/P2d3ny2wj5zzv+K3Mz55/EjzAAAAAElFTkSuQmCC', 'https://metatags.io/', 1, 6),
(68, 'Smooth Shadow', 'Editeur de box-shadow complexe', 'data:image/png;base64,iVBORw0KGgoAAAANSUhEUgAAABAAAAAQCAYAAAAf8/9hAAACs0lEQVQ4jXWTPYhcVRTH/+fj3vdmJ87OZsFkCwNBUSQLJmbbQJp0KRcFIY0QSCGxEwvBsQpY+VGkiAgmVVxNFQ2IIGgTRCOBRBYR7cQoy4zJOPvmvnvPSTEvuCk88OvO7384HA7QlbsTAOw0fiq7fzJt/V4uXnLxMm39Xip+eafxU3t78Z8MAoBvf/3nw2Je/H+qmJdvfhm/t9dhjJwBp5MXt7f+TvoaAZSy5WLu1lHMPWXLBNCkVK+fvLi9tQVnjJwZI7JzNyZvDfY/uZmnk0QEisoqTMQdwkRRWYlAs8lOWl49sPn1F+M3MSKjM9cfPB9Qbk3Gk9Af/0YvbxzkQa/yXArh0aYOiIrPmkRXbv5hzerTPhwup5b0uCrZWQm9mu2vvP3nVM69/6V7O6dSMtwdAEBEEFHiUPnaM8/yoZWUper3vG3OKsxfzPPGzUDD4RA49BTtTqcoOcPdugCGqKK3bx8tLw9hBsrzXQf5UQV8o00JgLOE6HX/CSJilLaFWQEAMAskBFRLfUiIDjjnNIeGeEzdDXADgcAhIFQ9uDmyJJhZF8DQEBGqHjgEEADHwlMz+5FDPEFEJsSiIcCtBjHDuhWYFgEaAoSYiLiwRi4l32YvfkskEhjOKpAYXYIuJnZoiJCgkBidVQCGi0Ryx088m5eP0ux+o1oTazBRJY2Va4zQWHVEaKxcVIk1mGpNaXa/aUq5xJ+/snY3p/ZCPVgRZs4iwUQDaaxcOhZyIJFgzJzrwYrk1F7YemntZ8HI+e7Br757brayXg9W13PaBTny4vxMzAxhcdWQJUbp7z+g8wfja1fj9+dx5FN67Ks2r/z+NszeYA1LbTNDaRMAQEJEqJdguZ2B+d3Pzhx+55Hz+FsCOP3BnRdCX1+1kjeIaR0A3PwOi/7Q/ps/vn5+/fbe/oca3WrtG9IRDAAAAABJRU5ErkJggg==', 'https://shadows.brumm.af/', 1, 6),
(69, 'Regex', 'Parce qu\'il faut au moins 2 outils pour les regex, celui là est surtout pour récupérer des expression déjà faites', 'data:image/png;base64,iVBORw0KGgoAAAANSUhEUgAAABAAAAAQCAYAAAAf8/9hAAABPklEQVQ4jZXTL0+cQRAG8N9CgZBcOVNDJUmrEBdEq/oJ+CBYXE0tGlFbWYPFkQYNwYMiNK2pAMLRVnDk7qbi5iXb9w4SJtls9pln58+zszzDgrk2VirnIraxNDka5/qFnzgq3D0VfSWIJ9ZZ8CG5D4nrCjr4ji7usZeVvMd60vroFX7MquBlcJPZbpp+g05wEAzTt5X4PNOilGrvBguFvzg0uTDCas19MV3Iw35bGAfL2MzL8zivue0ATQXL+BIM8A4biZ9iP4mjWRrcPvICo2A/WGtr19agaWGATzjBMHnfCheNeFPWeoV+Yr3MPg6ugtdBqeegHaDfBAheJf61auVzYlMj3bz3ZXCfezezvQ3+BIPgd/Am+aUdoD3KK5Vvt8KPg6WYMQd3+GjymQb+/zg7uDQRsKBTuJ4p5nPtH+brqNm5Yq/oAAAAAElFTkSuQmCC', 'https://ihateregex.io/', 1, 6),
(70, 'Chalk.ist', 'Pour faire de beau screen de son code. Ca peut être utile pour partager', 'data:image/png;base64,iVBORw0KGgoAAAANSUhEUgAAABAAAAAQCAYAAAAf8/9hAAACZklEQVQ4jW2TP0zTURDHP/d+0NLKn0YgEMUERRFh0AIJJoalDiQaIxETBxcTBpzcjKsbcXHACRNccMDEAcNETEyEuEkYFFFMsIYCkloolLYU6DuHX1soeC/v5d69733vcu9OOCKlgVNBR7IDGBNCtRExgIZRPmQdGd6LrswexsuB2uDzBvaGEOkvth8grapmrR2xm95HEEkfImjweQO7k2C6Fc3hizksilULIgDT2binByJp46adGVLIObs7v8TjpW1witJAvcukANJtqvaGAAyB2iCq/aqKqkWtUtCxVLVeR5OWzMafnLNLIkI/gdqg45T6nyp0unGFuq4HSImXnXgEVeF06AlbPz6RTcapab9HcmkmTyQGwagQAjAlZZy78Zy6jofspxPuj/irqay7xvrsONnMNjUX+zjf+xLHUw4KioYMaCMozTdH8Ve0Mj96h9TaHAAnm26R/v2d9N8FMhth5l/fpYQqLt1+g3E8iGqjcZlgOzKDR+vxV7YUKl/T0Evs23jh7is/i1fOkFz5irW7AJQohEW5sPR5kExskab2IX7pY9KJn/hKW1hfnACgorqL5quvWPnygtWF4Xwtw47x+tpAOgGS8Tm21qbJpCLU1Pdhd1JEl8dcsN1lc/UjseV3hfYR1beCvzZoHDuTt7qHw+UrUywtPWM9NnGsKXMozRo6DKnoLMjI4UcjHrZjM8Q33v/H2U1elRHi0dlCK0tFalKQ7qIWPj4Ref/pbKKsByJpx7Vs7bObHhPviTpBg6gc8BSTqCojNlF2/8gwHRJ/bdAxOqBCSIRGNyBhyY0z8WjROP8DLE0LIHiIy7UAAAAASUVORK5CYII=', 'https://chalk.ist/', 1, 6),
(71, 'Grid Generator', 'Permet de visualisé et récupérer du CSS pour utiliser les Grid', 'data:image/png;base64,iVBORw0KGgoAAAANSUhEUgAAABAAAAAQCAYAAAAf8/9hAAAC60lEQVQ4jXWTT28bVRTFz/szY3vsOuMkJMShqUSCRaUsELQCVgjEAliwY4HEB2DBR2BRlY/SLli0VTeABFKtVEKoJCDUUilN7BCPAsIGT+zxm/Gb95dFIULQnt2Vjn73SPdcgifIX7lCv3/95QsFi947F8e23W5/tba2lhBC/H+95N/D3t5e9Onh+koZR+9/0Eg+vtz0LyzXI+8IDstSfRGG4e0oin5qt9vFGaDb7fLNzc0XpZTveGffPSqrz3+ZN88PgpAtO4vLbIaXqgWerXFEUTRlQXDPe3+Tc/51HMcJ2dnZudhoNG62Wq2LjUYDlBDkpcKjzOHupIL7uoaFGHitYfBq1aDNLOCcE0L8kGXZh3w+n9fKslwSQmBxcRFxHKNWqeDSCsErqxRDpbE7A+78CdzOLN6cH+PtVVClzXPW2ogrpRAEAaSUGI1GmM1maDabaLVaqNfrWA003uAZMPoVn3znUV2Y4FIlhNIWxhhwADDGgFIK7z0IIXDOQUqJer0OIQSKXGA+zWBPOTTNMRpNUSr9GBCGIbz3MMacASilUEoBANI0RZ4LpOMZfBpCBzNMTiWsBwmCgHAAYIzBOQdrLbTWIIScJRkOh8imE6RjBV8swSqNUilY56GUAldKIQzDxzcl5CwNpRTGGKRpCjkvoEoA2sKUCkVRwHmgUqkQ2u/3K1mWEa01tNaw1sJ7D2stlFIwxkBpjVJK+PkcrlSgjKJarZI8z0PmvQ+yLKsRQs4zxs557wkAcM5hrUWSJMiFQFY4PBiuYH3BuQsLYjBIkmv7+/td1u/3J7u7u3eVUveKogAhZJ1SWmeMwXuPk5MTcMZhHLMPHo0Pbfrwuvjj4Wc3btz6vNfrnbK/K22Oj48Hg8HgjhDiR611QCltM8ZqUkqUUo5//21wa9z75urStHf92/s//wLA/u+Z/tHGxkZre3v7rU6n81FRFO7g4OBakiTdo6Oj6ZP8TxPZ2tp6ptPpLD9tEQD8BUJEpkvuVOE5AAAAAElFTkSuQmCC', 'https://grid.layoutit.com/', 1, 6);
INSERT INTO `tools` (`id`, `name`, `description`, `favicon`, `link`, `category_id`, `subcategory_id`) VALUES
(72, 'Politique de confidentialité', 'Fournis une base pour les politiques de confidentialité', 'data:image/png;base64,iVBORw0KGgoAAAANSUhEUgAAABAAAAAQCAYAAAAf8/9hAAACdElEQVQ4jV2TP4hcVRTGf995982bmZ1ZollDCKumsBJB0MZKUYKmEcVCxEYEKzFgZ+mmFmIRtFa7aCMEC7EIaCOCQgJGkOAqJDJEjJvNJpnZN+98FrOzWT1w4XI53zm/e/7IEFvPvrpRSn3KeDUBbBkkiQNmwAEE2p7N27P3X/h8Q/8899rGsK7fn2aH7ZQkhwR7YntxMkEykmWiX1VMu/a0tk68vh1ilLaRwvMOta2z6xb5I6AUYti303LXISkDlGangEdpAORM4tDY8fC6ytp9xJEHiKNraO0wceSwpmc/cfvjJcVwoMwEGJWFVEKCWzsuLz2vwak3+b8JYDiQMm0hbJBc7nnItqWmQUBOZ3DnLoxXUFXRTa7TXdmEpifSZq/CZXkhU+o3zL//idt/Tuiu/E7v5ZM0r5yETKYffUpem6DRCmQuiEFxsNIqhe6Pq+ye/wYN+vReeBpFMPvya3a//YEYjxbdWGqA2MNfvEmA0LGjDN57mxiPaC9eZvrxZzDv8Gy2D7zUlIPRQHg2Y/jOG5RHjpM7t5l98RXx4DGq4+vk5C+6X39Ddb1fuoJtQESYO3dVP/MUvRdP4HYOEQzefQuNV4imx/TceeaXfkFNYzKF7bKPI4n53OWJx6RSMBB1geGAJZ/bFkkG6x7B4guWjatKvjbx/OJl5fW/yZvb+MYWeWMLb9/Cm1fNoC8yvYz6n1E2hCTItGe7IhO88I0Iuy5SXYOdISnNTtjdh01UEgpJiW0ipOEAjUdodUysjmG0oqhrs1i4aKKSM89UT27+/N36Q4+qruJxoLG07IqW8+FMtFg2h0Sgm7N294NDF86d/hd0lTt2sgru6gAAAABJRU5ErkJggg==', 'https://zyro.com/fr/outils/generateur-politiques-confidentialite', 1, 7),
(73, 'Raccourcis VS Code', 'Raccourcis clavier pour VS Code, indispensable à connaître', 'data:image/png;base64,iVBORw0KGgoAAAANSUhEUgAAABAAAAAQCAYAAAAf8/9hAAADY0lEQVQ4jU2T7UudZRzHv7/fdZ37PucoM5YExXrRQpkycOkyGSy3RIklgznOHtJ6UYOgwsB64bsOvQuaYgYVvegJpI6u9tSItXyYMd3agzmwg5jbyK0HNadn55z74bqvXy8m0ecP+HzhA19COs1Ivy2vXRqp1kRHbBgkiJQSawEAIkKk8AfH3fN9T+z6AQBSmZQaPDAYAQBhnTeujHQorT8MvcIJHVcGAEhIRIQALo+5JRXWmDXf89/qr39m7P5w2uqmF795sLhULFVas5tMfN9Ts7OjZvPnlb6fW1c7yN1eWn5OgmJZ9tnOuEqc6ro69npPbeMXECHNRvbEndLWKAq/A8d1Q+uXtRvKSo5HJi4gERBD80M8d9BODGca2ruy5y4CzpnOa2Nz7xNdYBALAKgYWTFwJk+/MHXr5mTDnTu/NCz8fnXH/PzUU+S6zayhm9uP3ezZkrkoSrqVRT9SKcUWEQALioiUG/NLnJ1b88vzE6t/zUzkFmcvhHdnJ6bHP3r53EDbfhEabUo1D/TWNPaRUm5n96vNmqEQATAUEhNZLk2UMquiFxQ6WHTALjbGtPPJIxX77KbKfUcWskM3ypMfPwwyP0pg2hhsCSAiYWFWEgMgoLtL82cu/33j5PSf2aFR3/P3M6sDn6XJqpg7tXlrSR0noiml9WMMK8IEMBEJhACACAqodgAwANyz/iJBAJS7RFzgGCedOBdZKWILwAoQCVkRicLQQEQMMHM/DuBsTJa9Y4nngKVcZLzq/LL9Nf9PWBl6wYpmJjIAENmEWGwANAi07dGqQ6MAGcCWA3AWspkdTc+faLc2UNezHddb1HifiZmvtVhE2gGV1N47ScWy6Vzu7GWdb2xjG3Mglo3I2urtkeGWw8dbhcJPvVW7u/vWeJ2/aCtWbDRETYeOHdRKfxCFkhEL0Ul2Y8otWIiIkABWmbBQz6QeL654r2w5PXyq9Fr7b2Rx9Oj2xj61qWqvkCgGAQgiLyzaQlj0bZD3orDg28gzJlyzZ4e/fe+lwz+15nl226RYe6V3+643IUL/nSktA+VYq6oP8sWINcgA0ACMicDCD/hL4R5Wbovxva9663Z3ARAAolOZjBqcScnyzyNPJ8uid8O8CVkpEmspXJeTZt8EMm1R2Nv/ZNMl/I9/ARXut5LQ9YS7AAAAAElFTkSuQmCC', 'https://www.desuvit.com/11-vscode-keyboard-shortcuts-that-will-boost-your-productivity/', 1, 7),
(74, 'Mentions légales', 'Fournis une bonne partie des mentions légales classique d\'un site web', 'data:image/png;base64,iVBORw0KGgoAAAANSUhEUgAAABAAAAAQCAYAAAAf8/9hAAADLklEQVQ4jYXSXWibdRQG8Of83480fdMki+tikaVxGWxptRuoHa3WBbVOHYLKOvFmRVAnU6abojdKX+/sGEMvRCfuwsFQiorIPtCt3YahUD+YNdJ2W6tdW7s2S9KkTfLm433/xwtbqXqx5+5w4HfOxQMshwECgNSJA63Jw90n08f2tq3s+rqg4GZhgJhB1sW3br/6ZCtf7Wy20u88cZi5LwAAbELcFFnJ5cdaL45sCPJ0LMKpg7GRhVMv3b985H+IAADmv9+3p/c9z07XK+RZnCXdxZlUoVz4YTzK3/54Nvf5nn0EyP8iKwMBgKJXS6iMv7duZ3JXqgQ4pOkFG04hMalp8cQH2ePdbxAgzVUIrdZMZtEz0RpH6XJb4k3DXvxNV1x+B7YBWa+VZUOjT6tubXzOf7D/GAOCAPmPxAzRA2J4mt5G3W1ofLooFF0yKuC8Bfqp6MKEp9l2EHo/f+qFOwmQbEIIAGSaEESQRGC69dN+VMIHvFvcIrqnwIYK1FeKWN/+gBi0FHvw95JhjZcPgSFgglUAbJpgHn7dSNeMNROSLRlnprE6KaxfVL0mvsnFI5eY7mIPO8lr6rmh76uuh5oe5jXPxAifDdDo6IvhudwfPXNLMx0KSqGw74a2kBH46Lt1mJxwSSdri6q0peGpQft9nbw4X7STY4N6d9vao7tHbnlZDeq+hSnHWco6TiRjVXG9UGuHtRy212aVDrebwl6bx4goAZuHhr4mn76RQhvu4dFEcj12rBEiEOnN7bj33P6gO9oUUN39M9OGuHC6gbQpFyKiDF9F4kG9BpulQclfLRr46iwFZb1oD3Wdob0fV1UAOH8+psbC+Tvw53xwdLaMoYDXWdB1OZ1XaZNTVtIWkK7roDrtjLOtc7diN7Rkey8NfAEAKgDEwmFVivm7hd/ri7ZkRLQ5qyOnAAXC7LUSdn1YlMnan52WR19T13ojuD4zZfZ/88k8YIp/FYn5tMueO9LGudQWpVLcKIpZz6tHtj51ciLq9deHYOjepc1+9d2jx5/tJUACYFpdJCLI1WDfoRvbh6/Ev8xXS1cCtUr8kaj7xLb9jw8vN5gB4C/YMGUJDJNCIgAAAABJRU5ErkJggg==', 'https://www.subdelirium.com/generateur-de-mentions-legales/', 1, 7),
(75, 'XML Sitemaps Generator', 'Générateur de Sitemap.xml', 'data:image/png;base64,iVBORw0KGgoAAAANSUhEUgAAABAAAAAQCAYAAAAf8/9hAAACrUlEQVQ4jV3TTWtdVRTG8f9ae59z35KbCgWh0YoFoRUSqVbwI5TCDRdHdSh+AzEjIQQ6KvoFHPUDhILkDkzBOnLgQIgWpAoObK0i9YXUm/u2zzn7cXCTKK7Z3jxr78FaP+O0duXsWmakLjFtkRbXMb8KgPIhZeuAutxnYNOzLGDLgAwz8enfA1rtWzT1a5hDVS0fLwpQhlh8w3y2w7A/Ou2x/zR/QLv3EWkBad5EN5VuBpCyVGcZrXagaMF8ss2w/zHSMrD8ubvP/Lh2iZwUbm20efflEgn2nlS8fzjFSmtkDu2VyGK6xbA/cu6pB3abupIpE5zogvWus94J9kLX7WLXcSAY0ZShTsLtNvfUi8yPB8TiCotpo0yoKgnEzrdTe/hXIzPYe7ywDMoJ4QQ0z7Q6V5gfDyJ1vkFhIqOra26vrsacmuyTCrnJHLi8FnTtvFkZPH99VPkPx5K5S4t8wyniptUVUfK3L5RKjez3Cs2abACFw7yRPU3IkA0ulAqN3JoKirgZseWE6iQeTTJ7jxIEYN7wLIluNL78JUEnYA7vvFjSJEFH4EZkUT9YW+1sfviK52vPhfjm+Zh3v5v66+ttvXextOjwfC/oqz9r293o5Jda+EY/NLefxHA0njyAvfHNS58nSZVO642DZ/nOj7Oz893HM711cJTPLlTp0v0k9sY3I7OV0bg3efjJz73LnWaeG8x/qzKfPa1lvjCAL/5o9Gsl7vy0UEB5Fto+Xky+Z7Yy+neRvLvPbFwjQUEgA82JkwC4QaUGM+isRvLpIknGsD+KTLf9XD/6SjsisgUaLy17adkCDVL2lXb0c/0YmW6fevgfpsmAVnGCKUCVTjCVoOYEU9ph2DvDFAEwE7tyhjZipPtEbZGq65gtOafqkHZxQBX3GRZLzrbk/A+KY4oEME6/DQAAAABJRU5ErkJggg==', 'https://www.xml-sitemaps.com/details-domeva-immo.fr-3d7372bd9.html', 1, 7),
(76, 'Reverso', 'Traduction, correction orthographiques, etc', 'data:image/png;base64,iVBORw0KGgoAAAANSUhEUgAAABAAAAAQCAYAAAAf8/9hAAACTElEQVQ4jaWT0UtTYRjGn3O+M3XNFqSZkyKTmEa7CKGus4u6MYIsAm+iP0C2LILtIgjCJAgtuug2KKk2FVdGk1IiCCLLKFNbOZVdZGyK287Zpts5Txcnp5l6Ue/d9/E9v/f9eJ4X+M+S1l5svdhVruuWVgNSY4kiOwFgMW9MSJCCQizeTt1sjm9Is7oDTVW+4MK152P8HktxuabiKttCY3T4ggmrO9C0obi+fcCYiqskyWQmxwfDUZ67947h2WQBVN8+YPwFKW15vKPS25dYFpNkW+8IxeWnLPb4ecj7hF9/rkAqvX2J0ks9FQAgA4AhRIv7iNNeXWYzidkMGvZux54qB4ShgzYLTnYMYjS6gOoyGzwNTruR1z0r43sCHydjZnc9FCLD4yTJz7NpXvB/YGoxx7N3X3Nfay9JcjKmssQT+FSYoEQRdTXlZvf0sxAMSQEAuHZacePUQZQWKfA2HoBabJpWU26DVRG1BcDqWno5CCOTNQ/5PBTZFBUVW3Bs/64/nhYA2bw+EYlrAABJIrSODlBVoV25CnwZBQBk5CKcObwbABCJa8jm9UgBIEEK+keiAAB7133ow+8xf/Q41IePgPPNiL14hTq7BY21FQAA/0gUEthfAMiKdKdzKJycmU9DuFzY1tsNIROyUKD9mAPevsEWxfzKzHwanUPhpKyIznWDND2nmW6Ev1FtcXOpu4dGykzl9Jy2fpBW7Ow+7fAFk22hMUZWhSoSV3k9NE6HL5hcK95smU78tmopm9PDksx+IedubbpM/1K/AL4OWKBBMdlqAAAAAElFTkSuQmCC', 'https://www.reverso.net/traduction-texte', 1, 7),
(77, 'Scolarius', 'Evaluation du niveau de complexité des contenus textuels', 'data:image/png;base64,iVBORw0KGgoAAAANSUhEUgAAABAAAAAQCAIAAACQkWg2AAAANklEQVQ4jWNUcJ7MQApgIkk1ORpYsIre35ODzFV0mUJtGzANJt+GEakBJVjR4os6NjDSPLUCAA53CBGkHIJVAAAAAElFTkSuQmCC', 'https://www.scolarius.com/', 1, 7),
(78, 'youcompress', 'Compresse des fichiers vidéo ou plus de format plus standard', 'data:image/png;base64,iVBORw0KGgoAAAANSUhEUgAAABAAAAAQCAYAAAAf8/9hAAABKElEQVQ4jcWRMS8EURSFv/tmJCjUVikqCiSEyDQaxVZUClriB6hkd71kOjWV0pbiB2gmErZjYxObbRVCrRDZzMxVWMzOrM1kI3Gq9+4597v35cF/SzKVsi4B+yhTGAIMR1h5yQco6SGC7ZHz8OWmP8DqNBEPvwwKcVgkZgaliS/1L8N8RyJ2Uk3nOIwAAeASUUepAneUdD0LEBYSzZc4bGLlHYc14Da191Y3oKwnKF7HrNGiiJX482kS4rACtBKAx59jRTdQLhLmNjE1XJ6w0sbqMCEFoIhwnMhdY1h1ial0/YVS7dxngQYhywgBaSkeEQcGYTJj5teeQTjraYWMs6tDGAp9AE3B6hgRz8DoABvMGay80mYC5RR4y9EUA1c4zOPL/QBD/1gfpGZQSjTeubwAAAAASUVORK5CYII=', 'https://www.youcompress.com/fr/mov/', 1, 7),
(79, 'MP4 Compress', 'Compresse des fichiers MP4, optimise le poids pour les site ou les envoie par mail', 'data:image/png;base64,iVBORw0KGgoAAAANSUhEUgAAABAAAAAQCAYAAAAf8/9hAAACfUlEQVQ4jY1TwWvUZxSced+32UaNVC2lFMSLVFCMir1IdtOlRbOxp7AJop5Ck4OH/ANF6KFQ8S+wRUQ8CEKSpocGEymy6KoHlUoEiyKKqNimkViTukn2973pJRHFLTiXN6f3Zua9RwDYWiqt+Rgfxmm8yNY11nKhNW9ogg/qiz6be6n12epcrf7nPG7ebLCz3HuUZnvd3SG00igBi80aUMhLIoh6iC2psVQ/Hh0YQJYOOPxhCHFYrnEYT6eUMYQoAFjhogYFdLunA0jZAC30R4Izzx78e+v+/fOLhe7KEzXS7SsXf/m7mYLC/p4pwtqvXhibLuytPLQYtkYz7v5k85pfP/2s75FcXRZzp1YUA9Cb3BWWgvBlZ3flJzIUkns1uvs04Rfdw3MCO51ZS6lUinNzc2xraxMArPDkngPtiRw3GNhKoCUCeHp54udjAFAoVwqekK9Wq1kzCx3lnjypP2oToyf3fNXzLOZyh1ks9y0BugpyllJRwAyBKZH2pgVKLnIHpQ0iq2a2JaV0KZKsJ9cFc9yTaTvBKYlnhGwVzRwA5G5QfAWiX0S7hLPufohELrp058rkyA8AUCxXvm5kOnftt5HJ5hYqMvBgbWJ4rLCvktHCoWjE5mJX77ck/xK83Yjh5dTf2QIdAQHbOsp939DsC3iaNwAfCSg5fA/ATQY2vUIA8MBFCBuN+pzQbsGXTNLvtcmRfbWJ0QEJ4/LGymRfrq95kAhg8vL5kSNZln1HxvUslvvu0v10Mrtj0I8Arks8oZStsuUQ3d0Y8Iq0IYC7IB8E2A/wMTu6eouBGBLpcEQYAqQFAm99pAAXkCeQSCZAs3PZP9//n933xn+XyEH8mb8JAQAAAABJRU5ErkJggg==', 'https://www.mp4compress.com/', 1, 7),
(80, 'OverAPI', 'Liste de méthodes / propriétés d\'un language par catégorie d\'utilisation', 'data:image/png;base64,iVBORw0KGgoAAAANSUhEUgAAABAAAAAQCAYAAAAf8/9hAAACA0lEQVQ4jW2Sv2vUQRDFPzO7l5z54ekhSUSxEAsNio0I/gM2VoK2Ngo2IrGzEEuxsNFGCwsRS2sbGxtBbAwIAZUQtBBz5heXS3Lfu90ZizM/7r551TL73tuZtyPuLlO103dFw4PKUBwREatNjdIwYysbQQV1mFCntboEIgAWgr5aWPg+I0ePTN8+e/nko8lT9bolx92Z+/CLiyIcjgoCGynzsYAT0+eJIaIh0FxubM7Pzb6OaSvPXLh2pn7p6jnaFEQCT6+/ZWbDmK5VyTgr7YIb7VGu3LwHOTE0VOXbl08jP2Y/34qhopaKxGZuU7Q6hOEADi1z1rKRcZrZMXfaGy3Iidzt0i3agLcUJ/bmcraRzUDog5sxUMHMkyKiPe2uQkX7ucJ2eH1FEUkKqO95veftDEJKBo6ZmbqZDvLdHdzLtUEL96Qi/f1K76ZE3hfipghxb2AOiCqDKZZHEFSCqYagsocs29IBftkAVDHFPZZbK5P3z0BMc07RffePvXTYYZcMQFIU0bHKgQojoYrWhPh/r8ZVOBSUjGNBUA1UR8d2VrkyPIx7ijEOxydf383fWfnZHMvdjDusL27y0pyJoou5s54yi+0t3r95jooSYmC18acZQuWFuLtMjp95GILeR1Ezo378YPqrSschpZSCY8cqohtryx1As1mnWxTPGku/H/8DrCL3p48UbOAAAAAASUVORK5CYII=', 'https://overapi.com/', 1, 8),
(81, 'DevDocs', 'Regroupement de documentation pour quasiment tout les languages', 'data:image/png;base64,iVBORw0KGgoAAAANSUhEUgAAABAAAAAQCAYAAAAf8/9hAAABlElEQVQ4jZ2Tv6riQBSHvwkakRWigg9gsFpjGMHFbtEuCFYWt/BJ9iFub79ob5MHCHa7EPAfkUBAQQsbsbiFFjO3WWVF5e7dX3d+zPnmzDlzxGAw+C6EeAUafE6/KpXKz5QQ4rXRaDRs20YI8U+ZWmuSJPkWx/FXA/hUMoAQAtu2OR6PX1IX4yKlFGEYEgQBhmHQarVwXffugkuc+ttUSuH7PpvNBiklWmsmkwnb7RbP8zAM466aG0AYhqzXa/r9Pvl8HgApJcPhkOl0ipTyDnCDDIKAWq12TQYoFovU63WiKHrYjxuAEAKl1N0h0zTRWn8MaLfbzGYzDofD1TudTsznc2zbfgi46YHruux2O0ajEa7rkk6nWS6X7Pd7CoUC5/MZ0zSfA4QQeJ7HYrEgiiKUUlSrVXK5HKvVCqUUnU6HbDb7GHCBOI6D4zhXT0rJeDwmjmN836fX6z3uwTNlMhm63S7lcplms3n/BK31h185m83y8vJyjS9TMYDfSZI8HdMj/VkmLMt6E/+7zpZlvZVKpR/vZtmTrwbMUQ8AAAAASUVORK5CYII=', 'https://devdocs.io/', 1, 8),
(82, 'Graphberry', 'Banque de Mock Up', 'data:image/png;base64,iVBORw0KGgoAAAANSUhEUgAAABAAAAAQCAYAAAAf8/9hAAACTElEQVQ4jX2SS0hVURSGv7XOvg8OplYSEr0kkxBECZHMCGsSRINoIA1CwmGjBhFBUQRREOEgGjSQiJAmhQMRESeFiEWUEUFl3V5E4kD0UqI3zzl7NSjheq/0Dzff+vbam1/MTPiXxnfXaqM47lYf9E81X5imKLteXa/RdHQyiHTobcvF3Mq5FAsAGt5c6RXhBMitIHD3otS6uaAwf9KMi2DjU02Xu4t5pSReXK8Zsxg9SZz0aWH+iDech1lFb5TyZRusrJvKmgOIChLncvVz23Z/qvzWdD5fLmjbcRjV24b5d4lb2Ky+skqMMuta8VxypDIT+CgvJq3rxX4+Wk6He1zsmjQh9T+LkSMdj/x9QntdF2i/YW4iSo++8cFko4vZL3FBRfzKzBeTth8+OFQhPt6CP1vzPNfnAAgywxZHEyJyoCMV1XYs5q8yObNYfOHDLtF8rvFSFtODqXi6hsLA6k/cu/M4wgMgDf4UT7/cp7k2JBvWE3jNk6KaCAhiWM4x8b2wWtBcG1oYDgnSidl7lta1kv1VvyQy8jJx2UZNChvUh4i9QDPHGH+/AMU9eD2zKF5uYlYAaSBc6H4cZ9zDKFOdN01Xi20CCTG9uzK8WgCw/fMIyhhiCpzZKnG+Uq2n0y3PqaAYk8jywOoelBZpX90BTEYBh3EOJY/JHQwFPc6zj4PFeFmV2fJ13GAURE05/csHZw0cIs+Jq4ZL8TWrTHtdG+iYgXsZu4UEKlpccjTzNDdSipZvABBtnEQYFNCGIHEfkmBsUH4/WQv9A1pZAI3Ab5tJAAAAAElFTkSuQmCC', 'https://www.graphberry.com/', 1, 9),
(83, 'CSS Shorthands', 'Répertorie et explique les propriété raccourcis du CSS', '', 'https://css-shorthands.netlify.app/', 1, 8),
(84, 'Creative Tim', 'Template en tout genre', 'data:image/png;base64,iVBORw0KGgoAAAANSUhEUgAAABAAAAAQCAYAAAAf8/9hAAACQklEQVQ4jZWTPUtrWxCGn1lZm2x2IGlvFTBF8Edo5w8QQVs7CyuL9PofAhZio6VJIaRKIRY2aW2F+AHBe7okQiKavec9hYkXrpziDCwY3llrGGY9L5J2JD3r7+NZ0o5J+hf4Zz6f+3Q6NTMzSQAkSQLAYrEAwMyQpFqtpizLAvDLJGk+n+vg4MCq1SoxRrm7lctlnp6eAFhbW+Pj44MQgvI8t7e3N87OzpRlmUVA4/HYqtWqTk9PDTCWcXFxAcD+/v5KMoDDw0ONx2PLskwBIIRAjBGAXq/H8fEx7o6ZYWa4OycnJ/R6PQBijIQQvnJJ5u6kaWr39/f0+30qlQpXV1eUy2UAOp0O7+/v9Pt96vU6aZqauyPpaymj0UitVuvHmrvdrrrd7g+91WppNBpJkqIk0jRlOBxyeXlJqVTC3Ykxcnt7C8Dn5yd5nhNCoCgKhsMhaZoiCXN3mRk3Nze8vLzw8PDA4+Mj29vbFEWBJGKMXF9f02g0aDab1Ot1tra2kAT/H28wGKjdbv8Yu91uazAY/NDjCprFYkEIgclkgiTu7u7odDqYGbu7u0hiMpmQ5znu/g1ZMDOZGTFGxRhJkoTZbMbm5ibr6+s0m002NjaYzWYkSUKMkRijll+suCJkOYnyPDd3ZwnMqoy7k+f58qq+9bikS2ZmAI1GQ+fn53Z0dERRFACUSiVeX1/Z29vTlyUM4CtfmQnwZTObTqfMZrNv2tydSqVCrVZbPRQQgF/oPzsXkgp39z/5d1krludZ0s5v8pHyleTAM8MAAAAASUVORK5CYII=', 'https://www.creative-tim.com/', 1, 10),
(85, 'HTML5 UP', 'Des templates HTML tout pret tout beau et modifiable', 'data:image/png;base64,iVBORw0KGgoAAAANSUhEUgAAABAAAAAQCAIAAACQkWg2AAABxUlEQVQ4jZWSz0uUURiFz7n3fj91xqIg0oIk0YYKpDASimihUEZgC2nTwnXUSpdt2rQJ+jva9He0aBVpERGZhTAVjTqT881373dajJXQas7qPXDe1fPw2/ISBokZaA3ASRrsgQBIGIOqAgkA0n9HBWNRVZCcSISgTod5rm4XAONYRQGJcazgITBJ1N5lksJaA+9ZqydXrokmapyNphqI4uj8dDwzy5FDbmIqapxTVSWzV1Grw3ujXmFHx+oPVqqdVjq/kM3ddKfG6w9Xs+tz5sjRbH4hv7WoEGr3V9zomHqFAY28V+lHVh9Fk42w3WI+RNJvffUbHyGp24WkX21UEmgAgYTkP7xXe4dDw+W79dazJ8nM5XzxbtXeRZrSGqSZgidhINEYWNt58dxvfjbOJRcu5Tduw7mw+al49TKaPHP48dOw9SVsbjBO2Lx3h8M1O366fLvmTpxEqMLPH8n0xfC9Wa6/AeAmJt2x472119V2i1HE5vISQlBRMMtU9gDQWu3twTmmGQAVXZQlswzWQXKUYC2HhqGKSdrnxfoIJEgAmGbI8j41kE59ogr7aPsJ4Z8MB92RHMH9QkD424A/9aBrHNzW324x0NyjMdWiAAAAAElFTkSuQmCC', 'https://html5up.net/', 1, 10),
(86, 'Color Picker by Fardos', 'Color Picker pour récuperer une couleur au pixel près sur tout une page web sous format hexadimal ou rgb', NULL, 'https://chrome.google.com/webstore/detail/iibpgpkhpfggipbacjfeijkloidhmiei', 3, NULL),
(87, 'CSS Peeper', 'Permet de récupérer les typo, assets (images) et couleurs d\'un site', NULL, 'https://chrome.google.com/webstore/detail/mbnbehikldjhnfehhnaidhjhoofhpehk', 3, NULL),
(88, 'GoFullPage', 'Ressort une capture d\'écran de tout un site web. Exportation en PDF ou image et éditeur d\'image intégrer', NULL, 'https://chrome.google.com/webstore/detail/fdpohaocaechififmbbbbbknoalclacl', 3, NULL),
(89, 'Grepper', 'Accélère la recherche via les moteurs de recherche en greffants des bouts de code directement dessus', NULL, 'https://chrome.google.com/webstore/detail/amaaokahonnfjjemodnpmeenfpnnbkco', 3, NULL),
(90, 'Imageye', 'Téléchargement des images d\'un site web', NULL, 'https://chrome.google.com/webstore/detail/agionbommeaifngbhincahgmoflcikhm', 3, NULL),
(91, 'JSON Hero', 'Boite à outils complète autour de la lecture du JSON', NULL, 'https://chrome.google.com/webstore/detail/dneionnnnjnofppmhcccbiaklandilch', 3, NULL),
(92, 'Panda 5', 'Faire de la veille sans agrégateur relou ou l\'on oublie d\'aller. Panda s\'intégre en page d\'accueil du navigateur', NULL, 'https://chrome.google.com/webstore/detail/haafibkemckmbknhfkiiniobjpgkebko', 3, NULL),
(93, 'React Developer Tools', 'Indispensable pour développer sous React', NULL, 'https://chrome.google.com/webstore/detail/fmkadmapgofadopljbjfkapdkoienihi', 3, NULL),
(94, 'Redux DevTools', 'Indispensable lorsqu\'on intègre Redux à un projet', NULL, 'https://chrome.google.com/webstore/detail/lmhkpmbekcpmknklioeibfkpmmfibljd', 3, NULL),
(95, 'Screely', 'Fait une capture d\'écran d\'un site et l\'intègre à un Mockups sobre', NULL, 'https://chrome.google.com/webstore/detail/jhggpmcfjkkaeonckilhekpkfcalgank', 3, NULL),
(96, 'Screenshot Master', 'Voici un outil qui vous permettra de réaliser très simplement des screenshots de pages web complètes aux format WEBP ou autre', NULL, 'https://chrome.google.com/webstore/detail/apalagnadaipfbckpdghfbahagdcldka', 3, NULL),
(97, 'SEO META', 'Observe la structure du site pour donner des détails sur le niveau et les axes d\'amélioration du SEO', NULL, 'https://chrome.google.com/webstore/detail/bjogjfinolnhfhkbipphpdlldadpnmhc', 3, NULL),
(98, 'SVG Grabber', 'Récupère tout les SVG d\'un site web', NULL, 'https://chrome.google.com/webstore/detail/ndakggdliegnegeclmfgodmgemdokdmg', 3, NULL),
(99, 'Wappalyzer', 'Fournis, dans une certains limite, les technos utilisées par le site web', NULL, 'https://chrome.google.com/webstore/detail/gppongmhjkpfnbhagpmjfkannfbllamg', 3, NULL),
(100, 'Web Developer', 'Boite à outils complète pour tester une tonne de chose sur un site', NULL, 'https://chrome.google.com/webstore/detail/bfbameneiokkgbdmiekhjnmfkcnldhhm', 3, NULL);

--
-- Index pour les tables déchargées
--

--
-- Index pour la table `category`
--
ALTER TABLE `category`
  ADD PRIMARY KEY (`id`);

--
-- Index pour la table `subcategory`
--
ALTER TABLE `subcategory`
  ADD PRIMARY KEY (`id`),
  ADD KEY `parent_category` (`parent_category`);

--
-- Index pour la table `tools`
--
ALTER TABLE `tools`
  ADD PRIMARY KEY (`id`),
  ADD KEY `category_id` (`category_id`),
  ADD KEY `subcategory_id` (`subcategory_id`);

--
-- AUTO_INCREMENT pour les tables déchargées
--

--
-- AUTO_INCREMENT pour la table `category`
--
ALTER TABLE `category`
  MODIFY `id` int UNSIGNED NOT NULL AUTO_INCREMENT, AUTO_INCREMENT=4;

--
-- AUTO_INCREMENT pour la table `subcategory`
--
ALTER TABLE `subcategory`
  MODIFY `id` int UNSIGNED NOT NULL AUTO_INCREMENT, AUTO_INCREMENT=11;

--
-- AUTO_INCREMENT pour la table `tools`
--
ALTER TABLE `tools`
  MODIFY `id` int UNSIGNED NOT NULL AUTO_INCREMENT, AUTO_INCREMENT=101;

--
-- Contraintes pour les tables déchargées
--

--
-- Contraintes pour la table `subcategory`
--
ALTER TABLE `subcategory`
  ADD CONSTRAINT `subcategory_ibfk_1` FOREIGN KEY (`parent_category`) REFERENCES `category` (`id`) ON DELETE RESTRICT ON UPDATE RESTRICT;

--
-- Contraintes pour la table `tools`
--
ALTER TABLE `tools`
  ADD CONSTRAINT `tools_ibfk_1` FOREIGN KEY (`category_id`) REFERENCES `category` (`id`) ON DELETE RESTRICT ON UPDATE RESTRICT,
  ADD CONSTRAINT `tools_ibfk_2` FOREIGN KEY (`subcategory_id`) REFERENCES `subcategory` (`id`) ON DELETE RESTRICT ON UPDATE RESTRICT;
COMMIT;

/*!40101 SET CHARACTER_SET_CLIENT=@OLD_CHARACTER_SET_CLIENT */;
/*!40101 SET CHARACTER_SET_RESULTS=@OLD_CHARACTER_SET_RESULTS */;
/*!40101 SET COLLATION_CONNECTION=@OLD_COLLATION_CONNECTION */;
